Top pages,Clicks,Impressions,CTR,Position
https://www.indoorclimbinggym.com/blog/bouldering-vs-rope-climbing/,18,1466,1.23%,10.22
https://www.indoorclimbinggym.com/blog/ifsc-world-cup-2026/,13,877,1.48%,7.75
https://www.indoorclimbinggym.com/tools/bouldering-grade-conversion/,11,5832,0.19%,10.98
https://www.indoorclimbinggym.com/blog/climbing-gym-market-analysis-location-strategy/,8,368,2.17%,5.87
https://www.indoorclimbinggym.com/,7,486,1.44%,17.77
https://www.indoorclimbinggym.com/gyms/green-mountain-rock-climbing-center-rutland/,7,173,4.05%,8
https://www.indoorclimbinggym.com/blog/what-to-wear-indoor-rock-climbing/,6,6040,0.1%,12.33
https://www.indoorclimbinggym.com/gyms/mw-climbing-lincoln/,6,2087,0.29%,7.73
https://www.indoorclimbinggym.com/gyms/the-pad-climbing-binghamton-vestal/,6,975,0.62%,10.01
https://www.indoorclimbinggym.com/gyms/vital-climbing-gym-lower-east-side-new-york/,6,935,0.64%,8.79
https://www.indoorclimbinggym.com/categories/climbing-gyms-with-sauna/1/,6,415,1.45%,13.08
https://www.indoorclimbinggym.com/tools/sport-climbing-grade-conversion/,5,6477,0.08%,11.78
https://www.indoorclimbinggym.com/gyms/dogpatch-boulders-san-francisco/,5,1425,0.35%,9.51
https://www.indoorclimbinggym.com/gyms/hyperion-climbing-redwood-city/,5,1310,0.38%,8.01
https://www.indoorclimbinggym.com/illinois/chicago/1/,5,1128,0.44%,18.81
https://www.indoorclimbinggym.com/blog/is-climbing-gym-membership-worth-it/,5,742,0.67%,6.88
https://www.indoorclimbinggym.com/south-carolina/charleston/1/,5,595,0.84%,11.05
https://www.indoorclimbinggym.com/gyms/movement-columbia-columbia/,5,586,0.85%,8.37
https://www.indoorclimbinggym.com/oregon/portland/1/,5,416,1.2%,23.92
https://www.indoorclimbinggym.com/gyms/life-time-lakeville/,5,257,1.95%,12.73
https://www.indoorclimbinggym.com/gyms/las-rocas-climbing-gym-miami/,5,84,5.95%,4.82
https://www.indoorclimbinggym.com/gyms/mw-climbing-omaha/,4,1239,0.32%,14.22
https://www.indoorclimbinggym.com/gyms/movement-lic-long-island-city/,4,598,0.67%,7.43
https://www.indoorclimbinggym.com/blog/is-climbing-gym-membership-worth-it,4,556,0.72%,7.36
https://www.indoorclimbinggym.com/texas/fort-worth/1/,4,302,1.32%,15.33
https://www.indoorclimbinggym.com/gyms/climbnasium-mechanicsburg/,4,188,2.13%,6.15
https://www.indoorclimbinggym.com/gyms/boulders-climbing-gym-downtown-madison/,4,143,2.8%,12.45
https://www.indoorclimbinggym.com/texas/san-angelo/1/,4,139,2.88%,7.02
https://www.indoorclimbinggym.com/tools/bouldering-grade-conversion,3,2338,0.13%,16.9
https://www.indoorclimbinggym.com/gyms/climb-lawrence-lawrence/,3,688,0.44%,6.95
https://www.indoorclimbinggym.com/blog/beginners-guide-to-climbing-gyms/,3,627,0.48%,15.38
https://www.indoorclimbinggym.com/california/los-angeles/1/,3,560,0.54%,21.01
https://www.indoorclimbinggym.com/california/san-diego/1/,3,534,0.56%,23.94
https://www.indoorclimbinggym.com/gyms/climb-nashville-west-nashville/,3,527,0.57%,8.28
https://www.indoorclimbinggym.com/gyms/rockzilla-napa/,3,515,0.58%,7.58
https://www.indoorclimbinggym.com/gyms/rocknasium-davis/,3,450,0.67%,9.64
https://www.indoorclimbinggym.com/gyms/movement-hampden-baltimore/,3,375,0.8%,6.71
https://www.indoorclimbinggym.com/gyms/ui-climbing-center-moscow/,3,351,0.85%,7.76
https://www.indoorclimbinggym.com/blog/climbing-gym-industry-consolidation/,3,305,0.98%,8.37
https://www.indoorclimbinggym.com/blog/bouldering-vs-rope-climbing,3,289,1.04%,13.69
https://www.indoorclimbinggym.com/ohio/cincinnati/1/,3,280,1.07%,18.18
https://www.indoorclimbinggym.com/gyms/vital-climbing-gym-upper-east-new-york/,3,243,1.23%,9.64
https://www.indoorclimbinggym.com/north-carolina/greensboro/1/,3,239,1.26%,14.07
https://www.indoorclimbinggym.com/gyms/triangle-rock-club-north-raleigh-raleigh/,3,222,1.35%,8.92
https://www.indoorclimbinggym.com/california/berkeley/1/,3,210,1.43%,16.94
https://www.indoorclimbinggym.com/gyms/gemstone-climbing-center-twin-falls/,3,199,1.51%,7.55
https://www.indoorclimbinggym.com/gyms/stone-summit-climbing-team-atlanta/,3,177,1.69%,6.51
https://www.indoorclimbinggym.com/florida/,3,91,3.3%,24.04
https://www.indoorclimbinggym.com/gyms/half-moon-bouldering-seattle/,3,85,3.53%,10.61
https://www.indoorclimbinggym.com/gyms/the-a-minneapolis/,3,66,4.55%,4.33
https://www.indoorclimbinggym.com/california/,3,58,5.17%,14.29
https://www.indoorclimbinggym.com/gyms/the-edge-rock-gym-climbing-and-fitness-melbourne/,3,57,5.26%,8.93
https://www.indoorclimbinggym.com/gyms/climberz-tea/,3,37,8.11%,4.57
https://www.indoorclimbinggym.com/ohio/,3,19,15.79%,18.95
https://www.indoorclimbinggym.com/gyms/first-ascent-uptown-chicago/,2,830,0.24%,13.42
https://www.indoorclimbinggym.com/gyms/the-notch-climbing-gym-lebanon/,2,793,0.25%,7.71
https://www.indoorclimbinggym.com/gyms/cultivate-climbing-foundy-asheville/,2,755,0.26%,12.54
https://www.indoorclimbinggym.com/gyms/climb-at-the-loop-llc-burlington/,2,600,0.33%,6.96
https://www.indoorclimbinggym.com/new-york/new-york/1/,2,592,0.34%,34.66
https://www.indoorclimbinggym.com/washington/seattle/1/,2,479,0.42%,28.45
https://www.indoorclimbinggym.com/florida/st.-augustine/1/,2,455,0.44%,11.73
https://www.indoorclimbinggym.com/gyms/recreate-climbing-gym-butte/,2,417,0.48%,7.45
https://www.indoorclimbinggym.com/gyms/movement-centennial-centennial/,2,390,0.51%,6.84
https://www.indoorclimbinggym.com/gyms/west-wall-cafe-seattle/,2,342,0.58%,9.91
https://www.indoorclimbinggym.com/blog/climbing-shoe-fit-guide/,2,333,0.6%,22.63
https://www.indoorclimbinggym.com/blog/how-to-break-in-climbing-shoes/,2,323,0.62%,11.37
https://www.indoorclimbinggym.com/gyms/cliffs-of-id-culver-city/,2,322,0.62%,8.28
https://www.indoorclimbinggym.com/gyms/bouldering-project-eckington-washington/,2,321,0.62%,9.25
https://www.indoorclimbinggym.com/north-carolina/charlotte/1/,2,313,0.64%,16.46
https://www.indoorclimbinggym.com/blog/what-to-wear-indoor-rock-climbing,2,296,0.68%,8.75
https://www.indoorclimbinggym.com/gyms/ucsd-outback-climbing-center-san-diego/,2,279,0.72%,8.67
https://www.indoorclimbinggym.com/south-dakota/rapid-city/1/,2,272,0.74%,22.84
https://www.indoorclimbinggym.com/gyms/beyond-the-wall-climbing-hillsboro/,2,260,0.77%,7.38
https://www.indoorclimbinggym.com/gyms/movement-harlem-new-york/,2,238,0.84%,7.66
https://www.indoorclimbinggym.com/ohio/toledo/1/,2,237,0.84%,18.44
https://www.indoorclimbinggym.com/gyms/vertical-endeavors-minneapolis-minneapolis/,2,232,0.86%,10.5
https://www.indoorclimbinggym.com/gyms/movement-englewood-englewood/,2,224,0.89%,8.88
https://www.indoorclimbinggym.com/categories/best-top-rope-climbing-gyms/1/,2,219,0.91%,16.08
https://www.indoorclimbinggym.com/gyms/bouldering-project-tempe-tempe/,2,215,0.93%,10.5
https://www.indoorclimbinggym.com/blog/pro-bouldering-tour-comes-to-london/,2,201,1%,9.5
https://www.indoorclimbinggym.com/gyms/vital-climbing-gym-west-harlem-new-york/,2,200,1%,8.78
https://www.indoorclimbinggym.com/gyms/boulderdash-indoor-rock-climbing-westlake-village/,2,197,1.02%,9
https://www.indoorclimbinggym.com/michigan/grand-rapids/1/,2,188,1.06%,16.11
https://www.indoorclimbinggym.com/gyms/stone-co-climbing-college-station/,2,185,1.08%,7.43
https://www.indoorclimbinggym.com/oregon/eugene/1/,2,168,1.19%,20.6
https://www.indoorclimbinggym.com/gyms/climbing-roots-knoxville/,2,165,1.21%,7.03
https://www.indoorclimbinggym.com/gyms/benchmark-climbing-berkeley/,2,164,1.22%,6.92
https://www.indoorclimbinggym.com/virginia/richmond/1/,2,164,1.22%,22.9
https://www.indoorclimbinggym.com/gyms/the-refuge-climbing-and-fitness-las-vegas/,2,161,1.24%,9.42
https://www.indoorclimbinggym.com/gyms/coastal-climbing-gym-charleston/,2,144,1.39%,7.65
https://www.indoorclimbinggym.com/blog/world-climbing-ifsc-rebrand-explained,2,143,1.4%,7.54
https://www.indoorclimbinggym.com/blog/world-climbing-ifsc-rebrand-explained/,2,142,1.41%,7.68
https://www.indoorclimbinggym.com/gyms/the-gravity-vault-westbury-westbury/,2,139,1.44%,7.06
https://www.indoorclimbinggym.com/gyms/chambers-purely-boulders-columbus/,2,137,1.46%,6.78
https://www.indoorclimbinggym.com/blog/climbing-gym-design-and-layout/,2,132,1.52%,6.58
https://www.indoorclimbinggym.com/ohio/medina/1/,2,130,1.54%,11.37
https://www.indoorclimbinggym.com/states/,2,129,1.55%,6.45
https://www.indoorclimbinggym.com/gyms/pure-bouldering-gym-colorado-springs/,2,128,1.56%,7.41
https://www.indoorclimbinggym.com/gyms/climb-time-oakley-cincinnati/,2,120,1.67%,7.03
https://www.indoorclimbinggym.com/gyms/appalachian-bouldering-center-bristol/,2,119,1.68%,8.73
https://www.indoorclimbinggym.com/gyms/rock-solid-climbing-fitness-tucson/,2,115,1.74%,9.1
https://www.indoorclimbinggym.com/gyms/high-altitude-fitness-truckee-truckee/,2,112,1.79%,8.71
https://www.indoorclimbinggym.com/gyms/action-sports-bakersfield/,2,111,1.8%,7.38
https://www.indoorclimbinggym.com/gyms/irock-climbing-wall-ogden/,2,111,1.8%,7.89
https://www.indoorclimbinggym.com/gyms/adventure-rock-mke-milwaukee/,2,108,1.85%,8.69
https://www.indoorclimbinggym.com/gyms/marymoor-climbing-wall-redmond/,2,105,1.9%,6.7
https://www.indoorclimbinggym.com/california/riverside/1/,2,100,2%,14.74
https://www.indoorclimbinggym.com/gyms/ape-index-rock-climbing-gym-peoria/,2,95,2.11%,9.92
https://www.indoorclimbinggym.com/gyms/the-blok-climbing-co-fort-worth/,2,80,2.5%,6.71
https://www.indoorclimbinggym.com/gyms/vertical-world-seattle-seattle/,2,78,2.56%,9.96
https://www.indoorclimbinggym.com/gyms/cultivate-climbing-the-bunker-asheville/,2,75,2.67%,8.61
https://www.indoorclimbinggym.com/north-carolina/chapel-hill/1/,2,73,2.74%,15.05
https://www.indoorclimbinggym.com/gyms/teton-boulder-park-jackson/,2,44,4.55%,13.52
https://www.indoorclimbinggym.com/gyms/duluth-climbing-and-fitness-co-op-duluth/,2,38,5.26%,8.21
https://www.indoorclimbinggym.com/gyms/method-climbing-gym-newark/,2,37,5.41%,7.92
https://www.indoorclimbinggym.com/texas/nacogdoches/1/,2,36,5.56%,8.39
https://www.indoorclimbinggym.com/pennsylvania/lititz/1/,2,30,6.67%,12.37
https://www.indoorclimbinggym.com/gyms/climb-time-of-blue-ash-blue-ash/,2,29,6.9%,7.52
https://www.indoorclimbinggym.com/blog/climbing-gym-safety-liability-guide,2,25,8%,6.52
https://www.indoorclimbinggym.com/gyms/jackson-ymca-jackson/,2,23,8.7%,6.87
https://www.indoorclimbinggym.com/categories/best-auto-belay-climbing-gyms/1/,2,13,15.38%,15.77
https://www.indoorclimbinggym.com/gyms/fourth-ascent-climbing-center-ellensburg/,1,2210,0.05%,3.29
https://www.indoorclimbinggym.com/blog/how-much-does-climbing-gym-cost,1,1926,0.05%,6.59
https://www.indoorclimbinggym.com/gyms/odyssey-climbing-fitness-appleton/,1,1400,0.07%,10.39
https://www.indoorclimbinggym.com/gyms/the-pad-climbing-santa-barbara-goleta/,1,1033,0.1%,9.39
https://www.indoorclimbinggym.com/gyms/the-gravity-vault-princeton-nj-plainsboro-township/,1,858,0.12%,11.79
https://www.indoorclimbinggym.com/categories/best-climbing-gyms-for-beginners/1/,1,851,0.12%,10.18
https://www.indoorclimbinggym.com/blog/climbing-shoes-fit/,1,800,0.12%,16.21
https://www.indoorclimbinggym.com/arizona/phoenix/1/,1,725,0.14%,21.37
https://www.indoorclimbinggym.com/arizona/tucson/1/,1,704,0.14%,14.17
https://www.indoorclimbinggym.com/gyms/rockreation-sport-climbing-center-costa-mesa/,1,617,0.16%,10.14
https://www.indoorclimbinggym.com/studies/national-gym-grading-study/,1,589,0.17%,13.72
https://www.indoorclimbinggym.com/gyms/movement-sunnyvale-sunnyvale/,1,557,0.18%,7.68
https://www.indoorclimbinggym.com/gyms/gold-crush-climbing-gym-grass-valley/,1,546,0.18%,7.9
https://www.indoorclimbinggym.com/gyms/greeley-climbing-collective-greeley/,1,540,0.19%,12.07
https://www.indoorclimbinggym.com/blog/socks-with-climbing-shoes/,1,539,0.19%,9.84
https://www.indoorclimbinggym.com/nevada/reno/1/,1,530,0.19%,28.34
https://www.indoorclimbinggym.com/categories/affordable-climbing-gyms/1/,1,497,0.2%,10.51
https://www.indoorclimbinggym.com/gyms/apex-climbing-gym-mishawaka/,1,491,0.2%,7.99
https://www.indoorclimbinggym.com/tennessee/nashville/1/,1,470,0.21%,24.54
https://www.indoorclimbinggym.com/gyms/movement-callowhill-philadelphia/,1,462,0.22%,7.96
https://www.indoorclimbinggym.com/gyms/movement-san-francisco-san-francisco/,1,450,0.22%,7.84
https://www.indoorclimbinggym.com/gyms/sender-one-playa-vista-los-angeles/,1,442,0.23%,10.68
https://www.indoorclimbinggym.com/florida/miami/1/,1,428,0.23%,34.4
https://www.indoorclimbinggym.com/gyms/movement-the-hill-dallas/,1,424,0.24%,9.85
https://www.indoorclimbinggym.com/nebraska/omaha/1/,1,424,0.24%,31.15
https://www.indoorclimbinggym.com/gyms/recreation-wellness-center-climbing-gym-minneapolis/,1,407,0.25%,15.01
https://www.indoorclimbinggym.com/gyms/bouldering-project-somerville-somerville/,1,391,0.26%,8.45
https://www.indoorclimbinggym.com/texas/el-paso/1/,1,374,0.27%,13
https://www.indoorclimbinggym.com/gyms/movement-rino-denver/,1,370,0.27%,7.27
https://www.indoorclimbinggym.com/gyms/the-edge-halfmoon-clifton-park/,1,368,0.27%,7.05
https://www.indoorclimbinggym.com/utah/ogden/1/,1,355,0.28%,9.77
https://www.indoorclimbinggym.com/california/san-francisco/1/,1,355,0.28%,22.74
https://www.indoorclimbinggym.com/gyms/frontier-climbing-and-fitness-sioux-falls/,1,352,0.28%,12.03
https://www.indoorclimbinggym.com/utah/salt-lake-city/1/,1,351,0.28%,26.74
https://www.indoorclimbinggym.com/gyms/milton-rock-gym-milton/,1,315,0.32%,8.86
https://www.indoorclimbinggym.com/florida/tallahassee/1/,1,314,0.32%,12.54
https://www.indoorclimbinggym.com/texas/san-antonio/1,1,306,0.33%,13.27
https://www.indoorclimbinggym.com/wisconsin/milwaukee/1/,1,293,0.34%,13.86
https://www.indoorclimbinggym.com/gyms/movement-mountain-view-mountain-view/,1,291,0.34%,8.63
https://www.indoorclimbinggym.com/nevada/las-vegas/1/,1,291,0.34%,23.52
https://www.indoorclimbinggym.com/gyms/latitude-climbing-and-fitness-virginia-beach/,1,288,0.35%,9.11
https://www.indoorclimbinggym.com/blog/climbing-grades-explained,1,284,0.35%,10.97
https://www.indoorclimbinggym.com/texas/san-antonio/1/,1,284,0.35%,13.67
https://www.indoorclimbinggym.com/gyms/byu-idaho-ropes-course-rexburg/,1,278,0.36%,12.66
https://www.indoorclimbinggym.com/south-carolina/myrtle-beach/1/,1,269,0.37%,10.25
https://www.indoorclimbinggym.com/oklahoma/oklahoma-city/1/,1,265,0.38%,18.24
https://www.indoorclimbinggym.com/ohio/columbus/1/,1,255,0.39%,22.67
https://www.indoorclimbinggym.com/gyms/steamboat-climbing-collective-steamboat-springs/,1,247,0.4%,9.23
https://www.indoorclimbinggym.com/blog/climbing-gym-franchise-scaling-nationwide,1,237,0.42%,9.08
https://www.indoorclimbinggym.com/gyms/the-gravity-vault-middletown-nj-middletown-township/,1,235,0.43%,13.06
https://www.indoorclimbinggym.com/gyms/the-scratch-pad-bountiful/,1,230,0.43%,6.86
https://www.indoorclimbinggym.com/gyms/ultimate-kids-home-of-tumblebees-greensboro/,1,223,0.45%,9.17
https://www.indoorclimbinggym.com/gyms/riverfront-rock-gym-wenatchee/,1,221,0.45%,7.78
https://www.indoorclimbinggym.com/colorado/colorado-springs/1/,1,221,0.45%,24.05
https://www.indoorclimbinggym.com/gyms/climb-iowa-east-village-des-moines/,1,220,0.45%,10.12
https://www.indoorclimbinggym.com/gyms/rise-fitness-adventure-rehoboth-beach/,1,219,0.46%,7.41
https://www.indoorclimbinggym.com/gyms/climb-kraft-nashville/,1,208,0.48%,7.57
https://www.indoorclimbinggym.com/gyms/momentum-indoor-climbing-millcreek-salt-lake-city/,1,208,0.48%,9.67
https://www.indoorclimbinggym.com/gyms/movement-timonium-timonium/,1,207,0.48%,7.91
https://www.indoorclimbinggym.com/gyms/movement-plano-plano/,1,207,0.48%,8.88
https://www.indoorclimbinggym.com/gyms/rockreation-los-angeles-sport-climbing-center-los-angeles/,1,206,0.49%,6.95
https://www.indoorclimbinggym.com/gyms/graniteworks-gym-keene/,1,204,0.49%,7.67
https://www.indoorclimbinggym.com/gyms/alaska-rock-gym-anchorage/,1,204,0.49%,10.33
https://www.indoorclimbinggym.com/gyms/momentum-indoor-climbing-fort-union-midvale/,1,202,0.5%,7.36
https://www.indoorclimbinggym.com/gyms/high-point-climbing-and-fitness-downtown-chattanooga/,1,200,0.5%,9.63
https://www.indoorclimbinggym.com/gyms/movement-santa-clara-santa-clara/,1,196,0.51%,8.77
https://www.indoorclimbinggym.com/new-hampshire/,1,188,0.53%,8.3
https://www.indoorclimbinggym.com/gyms/brooklyn-boulders-chicago-west-loop-chicago/,1,188,0.53%,9.76
https://www.indoorclimbinggym.com/washington/tacoma/1/,1,184,0.54%,17.74
https://www.indoorclimbinggym.com/gyms/black-rock-bouldering-gym-phoenix/,1,180,0.56%,8.91
https://www.indoorclimbinggym.com/florida/tampa/1/,1,175,0.57%,22.82
https://www.indoorclimbinggym.com/texas/houston/1/,1,174,0.57%,37.69
https://www.indoorclimbinggym.com/gyms/adventure-rock-bkf-brookfield/,1,172,0.58%,8.58
https://www.indoorclimbinggym.com/gyms/the-edge-rock-gym-jacksonville/,1,166,0.6%,12.2
https://www.indoorclimbinggym.com/florida/pompano-beach/1/,1,164,0.61%,15.58
https://www.indoorclimbinggym.com/gyms/tallahassee-rock-gym-tallahassee/,1,161,0.62%,6.76
https://www.indoorclimbinggym.com/gyms/central-rock-gym-atlanta/,1,160,0.62%,11.34
https://www.indoorclimbinggym.com/california/redwood-city/1/,1,160,0.62%,12.26
https://www.indoorclimbinggym.com/georgia/brunswick/1/,1,158,0.63%,10.28
https://www.indoorclimbinggym.com/gyms/elevation-bouldering-gym-eugene/,1,156,0.64%,7.18
https://www.indoorclimbinggym.com/gyms/river-rock-climbing-roanoke/,1,154,0.65%,9.27
https://www.indoorclimbinggym.com/gyms/armadillo-boulders-stone-oak-san-antonio/,1,154,0.65%,10.4
https://www.indoorclimbinggym.com/pennsylvania/mechanicsburg/1/,1,153,0.65%,11.01
https://www.indoorclimbinggym.com/gyms/sportrock-climbing-centers-gaithersburg/,1,152,0.66%,8.79
https://www.indoorclimbinggym.com/gyms/movement-climbing-yoga-fitness-chicago/,1,151,0.66%,9.07
https://www.indoorclimbinggym.com/gyms/project-24-micro-sarasota/,1,150,0.67%,8.13
https://www.indoorclimbinggym.com/gyms/lef-climbing-lexington/,1,149,0.67%,8.83
https://www.indoorclimbinggym.com/gyms/ascend-point-breeze-pittsburgh/,1,148,0.68%,9.76
https://www.indoorclimbinggym.com/california/fresno/1/,1,146,0.68%,13.6
https://www.indoorclimbinggym.com/gyms/firsthand-climbing-winston-salem/,1,143,0.7%,8.83
https://www.indoorclimbinggym.com/gyms/climb-kalamazoo-kalamazoo/,1,142,0.7%,9.08
https://www.indoorclimbinggym.com/gyms/portland-rock-gym-beaverton-portland/,1,142,0.7%,9.59
https://www.indoorclimbinggym.com/georgia/athens/1/,1,141,0.71%,16.18
https://www.indoorclimbinggym.com/gyms/bend-rock-gym-bend/,1,140,0.71%,7.63
https://www.indoorclimbinggym.com/gyms/vertical-world-north-lynnwood/,1,140,0.71%,8.81
https://www.indoorclimbinggym.com/gyms/kansas-cliff-club-wichita/,1,140,0.71%,9.29
https://www.indoorclimbinggym.com/gyms/philadelphia-rock-gyms-oaks-oaks/,1,139,0.72%,10.27
https://www.indoorclimbinggym.com/gyms/rokc-olathe/,1,134,0.75%,8.74
https://www.indoorclimbinggym.com/tools/cost-per-climb-calculator/,1,134,0.75%,12.62
https://www.indoorclimbinggym.com/gyms/vital-climbing-gym-bellingham-bellingham/,1,134,0.75%,12.81
https://www.indoorclimbinggym.com/gyms/climb-so-ill-at-the-power-plant-st-louis/,1,130,0.77%,12.72
https://www.indoorclimbinggym.com/gyms/boulders-and-brews-climbing-and-coffee-fayetteville/,1,129,0.78%,9.44
https://www.indoorclimbinggym.com/gyms/central-rock-gym-kennesaw/,1,126,0.79%,9.68
https://www.indoorclimbinggym.com/gyms/unl-outdoor-adventures-center-lincoln/,1,125,0.8%,7.64
https://www.indoorclimbinggym.com/gyms/movement-belmont-belmont/,1,124,0.81%,7.38
https://www.indoorclimbinggym.com/gyms/vital-climbing-gym-oceanside-oceanside/,1,124,0.81%,8.41
https://www.indoorclimbinggym.com/gyms/velocity-climbing-miami/,1,123,0.81%,8.33
https://www.indoorclimbinggym.com/gyms/the-boulder-garden-durham/,1,123,0.81%,8.42
https://www.indoorclimbinggym.com/kentucky/bowling-green/1/,1,120,0.83%,9.62
https://www.indoorclimbinggym.com/gyms/sessions-climbing-fitness-el-paso/,1,119,0.84%,8.82
https://www.indoorclimbinggym.com/gyms/rising-up-rock-gym-medina/,1,116,0.86%,6.59
https://www.indoorclimbinggym.com/virginia/charlottesville/1/,1,116,0.86%,16.09
https://www.indoorclimbinggym.com/california/san-luis-obispo/1/,1,116,0.86%,16.81
https://www.indoorclimbinggym.com/idaho/twin-falls/1/,1,115,0.87%,10.41
https://www.indoorclimbinggym.com/gyms/send-it-climbing-norfolk/,1,114,0.88%,7.61
https://www.indoorclimbinggym.com/montana/bozeman/1/,1,114,0.88%,16.17
https://www.indoorclimbinggym.com/gyms/maine-bound-adventure-center-orono/,1,111,0.9%,7.33
https://www.indoorclimbinggym.com/gyms/climb-tacoma-tacoma/,1,110,0.91%,7.65
https://www.indoorclimbinggym.com/gyms/climb-san-juan-friday-harbor/,1,110,0.91%,8.85
https://www.indoorclimbinggym.com/gyms/flowstone-climbing-redlands/,1,108,0.93%,7.94
https://www.indoorclimbinggym.com/gyms/central-rock-gym-west-hartford/,1,108,0.93%,11.94
https://www.indoorclimbinggym.com/gyms/summit-everett-everett/,1,107,0.93%,8.53
https://www.indoorclimbinggym.com/gyms/armadillo-boulders-downtown-sa-san-antonio/,1,107,0.93%,10.75
https://www.indoorclimbinggym.com/gyms/hangar-18-indoor-climbing-gym-arcadia-arcadia/,1,107,0.93%,11.89
https://www.indoorclimbinggym.com/gyms/rock-out-climbing-gym-destin/,1,106,0.94%,9.62
https://www.indoorclimbinggym.com/gyms/first-ascent-humboldt-park-chicago/,1,106,0.94%,10.56
https://www.indoorclimbinggym.com/gyms/hangar-18-south-bay-hawthorne/,1,105,0.95%,9.3
https://www.indoorclimbinggym.com/texas/college-station/1/,1,105,0.95%,9.45
https://www.indoorclimbinggym.com/gyms/the-dancel-y-in-ellicott-city-ellicott-city/,1,104,0.96%,10.01
https://www.indoorclimbinggym.com/gyms/source-climbing-center-vancouver/,1,103,0.97%,11.97
https://www.indoorclimbinggym.com/gyms/adventure-rock-wkp-bouldering-milwaukee/,1,102,0.98%,8.37
https://www.indoorclimbinggym.com/gyms/the-circuit-bouldering-gym-tigard-tigard/,1,100,1%,9.88
https://www.indoorclimbinggym.com/gyms/the-circuit-bouldering-gym-sw-portland/,1,100,1%,9.95
https://www.indoorclimbinggym.com/gyms/metrorock-climbing-center-everett/,1,99,1.01%,8.26
https://www.indoorclimbinggym.com/gyms/north-summit-climbing-gym-wind-gap/,1,99,1.01%,9.33
https://www.indoorclimbinggym.com/gyms/first-ascent-arlington-heights-arlington-heights/,1,97,1.03%,8.81
https://www.indoorclimbinggym.com/gyms/the-proving-ground-bouldering-gym-bloomington/,1,97,1.03%,8.93
https://www.indoorclimbinggym.com/gyms/the-pad-climbing-san-luis-obispo-san-luis-obispo/,1,97,1.03%,10.44
https://www.indoorclimbinggym.com/gyms/vertical-rock-climbing-fitness-center-manassas/,1,96,1.04%,10.55
https://www.indoorclimbinggym.com/oregon/hillsboro/1/,1,95,1.05%,15.48
https://www.indoorclimbinggym.com/gyms/gripstone-climbing-fitness-colorado-springs/,1,94,1.06%,6.83
https://www.indoorclimbinggym.com/gyms/tomo-bouldering-club-portland/,1,94,1.06%,7.72
https://www.indoorclimbinggym.com/gyms/climb-capuchin-houston/,1,94,1.06%,8.59
https://www.indoorclimbinggym.com/gyms/vertical-endeavors-st-paul-st-paul/,1,93,1.08%,9.23
https://www.indoorclimbinggym.com/gyms/little-rock-climbing-center-little-rock/,1,91,1.1%,9.47
https://www.indoorclimbinggym.com/california/oakland/1/,1,91,1.1%,21.08
https://www.indoorclimbinggym.com/gyms/hiclimb-rock-climbing-and-yoga-honolulu/,1,88,1.14%,9.93
https://www.indoorclimbinggym.com/minnesota/duluth/1,1,87,1.15%,11.77
https://www.indoorclimbinggym.com/gyms/zenith-climbing-center-springfield/,1,87,1.15%,12.05
https://www.indoorclimbinggym.com/gyms/sequence-climb-kansas-city/,1,86,1.16%,7.52
https://www.indoorclimbinggym.com/new-york/buffalo/1/,1,85,1.18%,31.51
https://www.indoorclimbinggym.com/gyms/central-rock-gym-rochester/,1,83,1.2%,14.34
https://www.indoorclimbinggym.com/gyms/dino-moves-gym-nederland/,1,82,1.22%,7.74
https://www.indoorclimbinggym.com/gyms/rapp-rocks-climbing-gym-fredericksburg/,1,81,1.23%,9.85
https://www.indoorclimbinggym.com/gyms/gecko-climbing-gym-phoenix/,1,79,1.27%,9.48
https://www.indoorclimbinggym.com/tennessee/bristol/1/,1,79,1.27%,13.14
https://www.indoorclimbinggym.com/gyms/mountain-strong-thornton-gym-thornton/,1,78,1.28%,15.18
https://www.indoorclimbinggym.com/gyms/vertex-climbing-center-santa-rosa/,1,77,1.3%,9
https://www.indoorclimbinggym.com/new-york/albany/1/,1,77,1.3%,27.01
https://www.indoorclimbinggym.com/blog/climbing-gym-design-and-layout,1,75,1.33%,5.28
https://www.indoorclimbinggym.com/colorado/thornton/1/,1,75,1.33%,17.41
https://www.indoorclimbinggym.com/blog/climbing-gym-operations-team-building/,1,74,1.35%,9.41
https://www.indoorclimbinggym.com/gyms/diamond-rock-gym-east-hanover/,1,74,1.35%,11.3
https://www.indoorclimbinggym.com/california/santa-clara/1/,1,74,1.35%,13.39
https://www.indoorclimbinggym.com/washington/bellingham/1/,1,74,1.35%,25.7
https://www.indoorclimbinggym.com/gyms/kirtland-outdoor-recreation-kirtland-afb/,1,72,1.39%,4.51
https://www.indoorclimbinggym.com/gyms/brattcave-bouldering-gym-brattleboro/,1,72,1.39%,5.24
https://www.indoorclimbinggym.com/massachusetts/brookline/1/,1,72,1.39%,10.81
https://www.indoorclimbinggym.com/gyms/big-island-bouldering-plymouth/,1,70,1.43%,9.8
https://www.indoorclimbinggym.com/gyms/climb-iowa-grimes-grimes/,1,68,1.47%,9.07
https://www.indoorclimbinggym.com/gyms/active-climbing-indoor-rock-climbing-gym-athens/,1,67,1.49%,10.21
https://www.indoorclimbinggym.com/gyms/scrapyard-climbing-collective-holland/,1,67,1.49%,13.84
https://www.indoorclimbinggym.com/gyms/philadelphia-rock-gyms-malvern-malvern/,1,66,1.52%,6.91
https://www.indoorclimbinggym.com/washington/shoreline/1/,1,65,1.54%,10.45
https://www.indoorclimbinggym.com/gyms/rocventures-climbing-rochester/,1,65,1.54%,11.42
https://www.indoorclimbinggym.com/maryland/rockville/1/,1,64,1.56%,21.33
https://www.indoorclimbinggym.com/gyms/skyhook-bouldering-portland/,1,63,1.59%,7.59
https://www.indoorclimbinggym.com/michigan/byron-center/1/,1,63,1.59%,9.63
https://www.indoorclimbinggym.com/california/rancho-cucamonga/1/,1,63,1.59%,9.97
https://www.indoorclimbinggym.com/california/mountain-view/1/,1,62,1.61%,12.32
https://www.indoorclimbinggym.com/gyms/central-rock-gym-watertown/,1,61,1.64%,10.82
https://www.indoorclimbinggym.com/gyms/terrain-park-climbing-center-chico-ca-chico/,1,60,1.67%,9.48
https://www.indoorclimbinggym.com/gyms/gravity-vault-marin-san-rafael/,1,60,1.67%,9.83
https://www.indoorclimbinggym.com/arkansas/little-rock/1/,1,60,1.67%,25.6
https://www.indoorclimbinggym.com/gyms/basin-climbing-and-fitness-hewitt/,1,58,1.72%,7.24
https://www.indoorclimbinggym.com/gyms/salt-pump-summer-camp-scarborough/,1,57,1.75%,7.49
https://www.indoorclimbinggym.com/gyms/the-sportrock-performance-institute-alexandria/,1,57,1.75%,7.77
https://www.indoorclimbinggym.com/gyms/e-t-mahoney-state-park-activity-center-venture-climb-and-seasonal-ice-skating-rink-ashland/,1,54,1.85%,8.07
https://www.indoorclimbinggym.com/gyms/blocworks-midtown-oklahoma-city/,1,53,1.89%,8.45
https://www.indoorclimbinggym.com/maryland/,1,53,1.89%,20.11
https://www.indoorclimbinggym.com/gyms/ibex-climbing-gym-blue-springs/,1,51,1.96%,8.35
https://www.indoorclimbinggym.com/gyms/goat-climbing-gym-hackensack/,1,50,2%,8.62
https://www.indoorclimbinggym.com/gyms/garden-state-rocks-morganville/,1,49,2.04%,5.35
https://www.indoorclimbinggym.com/gyms/manhattan-plaza-health-club-new-york/,1,49,2.04%,8.98
https://www.indoorclimbinggym.com/colorado/louisville/1/,1,49,2.04%,15.27
https://www.indoorclimbinggym.com/gyms/langohr-park-climbing-boulder-bozeman/,1,48,2.08%,9.44
https://www.indoorclimbinggym.com/minnesota/st-paul/1/,1,48,2.08%,17.12
https://www.indoorclimbinggym.com/gyms/vertical-endeavors-twin-cities-bouldering-tcb-st-paul/,1,47,2.13%,9.43
https://www.indoorclimbinggym.com/gyms/rock-revolution-of-charlottesville-charlottesville/,1,47,2.13%,10.28
https://www.indoorclimbinggym.com/gyms/sheer-fun-climbing-gym-marble-falls/,1,46,2.17%,4.87
https://www.indoorclimbinggym.com/california/lake-forest/1/,1,46,2.17%,11.96
https://www.indoorclimbinggym.com/washington/burlington/1/,1,46,2.17%,15.7
https://www.indoorclimbinggym.com/gyms/uplift-climbing-shoreline/,1,45,2.22%,7.18
https://www.indoorclimbinggym.com/gyms/santa-barbara-rock-gym-santa-barbara/,1,44,2.27%,7.5
https://www.indoorclimbinggym.com/gyms/the-gravity-vault-radnor-radnor/,1,43,2.33%,9.49
https://www.indoorclimbinggym.com/texas/pflugerville/1/,1,43,2.33%,24.49
https://www.indoorclimbinggym.com/gyms/the-crag-heber-city/,1,41,2.44%,5.32
https://www.indoorclimbinggym.com/california/carlsbad/1/,1,41,2.44%,15.17
https://www.indoorclimbinggym.com/massachusetts/randolph/1/,1,41,2.44%,16.59
https://www.indoorclimbinggym.com/gyms/psu-campus-recreation-center-portland/,1,40,2.5%,7.33
https://www.indoorclimbinggym.com/gyms/climb-moab-gym-moab/,1,40,2.5%,9.43
https://www.indoorclimbinggym.com/gyms/the-climbing-wall-at-james-island-county-park-charleston/,1,40,2.5%,10.43
https://www.indoorclimbinggym.com/gyms/boulders-climbing-gym-east-madison/,1,40,2.5%,22.95
https://www.indoorclimbinggym.com/new-hampshire/keene/1/,1,39,2.56%,11.03
https://www.indoorclimbinggym.com/south-carolina/,1,39,2.56%,14.21
https://www.indoorclimbinggym.com/gyms/ultimate-air-trampoline-park-san-angelo/,1,38,2.63%,9.18
https://www.indoorclimbinggym.com/texas/,1,38,2.63%,36.87
https://www.indoorclimbinggym.com/gyms/springs-climbing-center-colorado-springs/,1,36,2.78%,8.39
https://www.indoorclimbinggym.com/gyms/alpine-climbing-adventure-fitness-ripon/,1,36,2.78%,10.67
https://www.indoorclimbinggym.com/california/south-lake-tahoe/1/,1,36,2.78%,20.03
https://www.indoorclimbinggym.com/idaho/,1,35,2.86%,35.54
https://www.indoorclimbinggym.com/washington/everett/1/,1,34,2.94%,26.62
https://www.indoorclimbinggym.com/gyms/the-spot-climbing-gym-louisville/,1,33,3.03%,9.7
https://www.indoorclimbinggym.com/illinois/evanston/1/,1,33,3.03%,10.45
https://www.indoorclimbinggym.com/gyms/asylum-outdoor-bouldering-san-diego/,1,33,3.03%,12.03
https://www.indoorclimbinggym.com/gyms/oahu-bouldering-gym-waipahu/,1,31,3.23%,6.81
https://www.indoorclimbinggym.com/categories/best-top-rope-climbing-gyms/4/,1,31,3.23%,8.39
https://www.indoorclimbinggym.com/new-york/flushing/1/,1,31,3.23%,10.52
https://www.indoorclimbinggym.com/gyms/boulder-bloc-gym-pompano-beach/,1,29,3.45%,7.31
https://www.indoorclimbinggym.com/new-york/,1,29,3.45%,23.41
https://www.indoorclimbinggym.com/massachusetts/somerville/1/,1,29,3.45%,28.59
https://www.indoorclimbinggym.com/gyms/sportsplex-orland-park/,1,28,3.57%,6.75
https://www.indoorclimbinggym.com/studies/,1,28,3.57%,21.86
https://www.indoorclimbinggym.com/iowa/,1,28,3.57%,40.68
https://www.indoorclimbinggym.com/gyms/la-vida-rock-gym-wenham/,1,24,4.17%,6.46
https://www.indoorclimbinggym.com/new-york/queensbury/1/,1,24,4.17%,15
https://www.indoorclimbinggym.com/texas/garland/1/,1,23,4.35%,12.17
https://www.indoorclimbinggym.com/gyms/narroway-fitness-nacogdoches/,1,22,4.55%,5.82
https://www.indoorclimbinggym.com/gyms/beaches-rock-gym-atlantic-beach/,1,22,4.55%,8.77
https://www.indoorclimbinggym.com/indiana/,1,22,4.55%,40.91
https://www.indoorclimbinggym.com/gyms/life-time-lenexa/,1,20,5%,8.35
https://www.indoorclimbinggym.com/new-jersey/berkeley-heights/1/,1,20,5%,19.3
https://www.indoorclimbinggym.com/blog/,1,20,5%,26.4
https://www.indoorclimbinggym.com/gyms/life-time-berkeley-heights/,1,19,5.26%,4.84
https://www.indoorclimbinggym.com/missouri/,1,16,6.25%,9
https://www.indoorclimbinggym.com/maine/orono/1/,1,16,6.25%,13.62
https://www.indoorclimbinggym.com/gyms/midwest-mountain-guides-chippewa-falls/,1,14,7.14%,4.29
https://www.indoorclimbinggym.com/michigan/,1,13,7.69%,7.38
https://www.indoorclimbinggym.com/gyms/movement-climbing-yoga-fitness-chicago-1,1,13,7.69%,8.85
https://www.indoorclimbinggym.com/illinois/,1,13,7.69%,33.69
https://www.indoorclimbinggym.com/california/costa-mesa/1/,1,12,8.33%,14.92
https://www.indoorclimbinggym.com/gyms/life-time-romeoville/,1,11,9.09%,6.09
https://www.indoorclimbinggym.com/georgia/grovetown/1/,1,10,10%,16.1
https://www.indoorclimbinggym.com/categories/climbing-gyms-with-wifi/4/,1,8,12.5%,10.62
https://www.indoorclimbinggym.com/oregon/salem/,1,8,12.5%,10.62
https://www.indoorclimbinggym.com/gyms/the-ward-y-in-abingdon-abingdon/,1,7,14.29%,7.14
https://www.indoorclimbinggym.com/ohio/delaware/1/,1,7,14.29%,13.57
https://www.indoorclimbinggym.com/north-dakota/,1,4,25%,6.5
https://www.indoorclimbinggym.com/gyms/rockzilla-napa,1,3,33.33%,6.67
https://www.indoorclimbinggym.com/gyms/cultivate-climbing-foundy-asheville,1,3,33.33%,12.67
https://www.indoorclimbinggym.com/categories/best-climbing-gyms-for-beginners/43/,1,2,50%,6.5
https://www.indoorclimbinggym.com/blog/what-is-bouldering/,0,2442,0%,27.09
https://www.indoorclimbinggym.com/gyms/blue-swan-boulders-orlando/,0,818,0%,7.62
https://www.indoorclimbinggym.com/gyms/sender-one-climbing-and-sender-city-lakewood-lakewood/,0,752,0%,12.04
https://www.indoorclimbinggym.com/california/ripon/1/,0,561,0%,11.4
https://www.indoorclimbinggym.com/gyms/grip-bouldering-grand-junction/,0,542,0%,9.11
https://www.indoorclimbinggym.com/gyms/horizon-climbing-champaign/,0,535,0%,9.07
https://www.indoorclimbinggym.com/california/santa-cruz/1/,0,528,0%,16.05
https://www.indoorclimbinggym.com/arizona/gilbert/1/,0,510,0%,16.84
https://www.indoorclimbinggym.com/gyms/central-rock-gym-framingham/,0,508,0%,12.19
https://www.indoorclimbinggym.com/florida/orlando/1/,0,498,0%,28.05
https://www.indoorclimbinggym.com/florida/orlando/1,0,489,0%,21.22
https://www.indoorclimbinggym.com/wisconsin/madison/1/,0,439,0%,27.27
https://www.indoorclimbinggym.com/texas/dallas/1/,0,430,0%,15.76
https://www.indoorclimbinggym.com/categories/best-bouldering-climbing-gyms/1/,0,424,0%,13.82
https://www.indoorclimbinggym.com/gyms/rendezvous-climbing-gym-leawood/,0,422,0%,10.15
https://www.indoorclimbinggym.com/blog/how-to-choose-climbing-shoes/,0,419,0%,23.98
https://www.indoorclimbinggym.com/colorado/loveland/1/,0,398,0%,16.71
https://www.indoorclimbinggym.com/gyms/vertical-hold-san-marcos/,0,381,0%,13.77
https://www.indoorclimbinggym.com/gyms/shift-climbing-holland/,0,373,0%,10.61
https://www.indoorclimbinggym.com/gyms/movement-crystal-city-arlington/,0,353,0%,8.03
https://www.indoorclimbinggym.com/gyms/central-rock-gym-orlando/,0,345,0%,7.78
https://www.indoorclimbinggym.com/arizona/chandler/1/,0,338,0%,16.43
https://www.indoorclimbinggym.com/gyms/movement-design-district-dallas/,0,336,0%,8.69
https://www.indoorclimbinggym.com/gyms/hollywood-boulders-los-angeles/,0,336,0%,9.17
https://www.indoorclimbinggym.com/georgia/atlanta/1/,0,326,0%,23.5
https://www.indoorclimbinggym.com/gyms/table-rock-bouldering-oneonta/,0,316,0%,9.17
https://www.indoorclimbinggym.com/gyms/movement-rockville-rockville/,0,305,0%,7.99
https://www.indoorclimbinggym.com/colorado/boulder/1/,0,301,0%,43.36
https://www.indoorclimbinggym.com/virginia/norfolk/1/,0,300,0%,11.17
https://www.indoorclimbinggym.com/gyms/bouldering-project-u-district-seattle/,0,298,0%,10.79
https://www.indoorclimbinggym.com/gyms/northampton-athletic-club-northampton/,0,297,0%,11.22
https://www.indoorclimbinggym.com/gyms/climbzone-at-mall-of-america-bloomington/,0,294,0%,11.09
https://www.indoorclimbinggym.com/california/sacramento/1/,0,293,0%,20.68
https://www.indoorclimbinggym.com/gyms/the-quarry-indoor-climbing-center-provo/,0,292,0%,8.37
https://www.indoorclimbinggym.com/missouri/kansas-city/1/,0,289,0%,22.04
https://www.indoorclimbinggym.com/new-york/brooklyn/1/,0,289,0%,23.29
https://www.indoorclimbinggym.com/gyms/bouldering-project-minneapolis-minneapolis/,0,280,0%,11.17
https://www.indoorclimbinggym.com/gyms/movement-gowanus-brooklyn/,0,278,0%,9.12
https://www.indoorclimbinggym.com/tools/sport-climbing-grade-conversion,0,273,0%,26.2
https://www.indoorclimbinggym.com/gyms/fargo-climbing-fargo/,0,272,0%,11.52
https://www.indoorclimbinggym.com/new-york/clifton-park/1/,0,271,0%,9.89
https://www.indoorclimbinggym.com/colorado/greeley/1/,0,270,0%,16.28
https://www.indoorclimbinggym.com/gyms/movement-fort-worth-fort-worth/,0,265,0%,8.87
https://www.indoorclimbinggym.com/colorado/denver/1/,0,263,0%,27.27
https://www.indoorclimbinggym.com/gyms/bouldering-project-the-granary-salt-lake-city/,0,262,0%,7.88
https://www.indoorclimbinggym.com/gyms/the-peak-of-fremont-fremont/,0,261,0%,9.5
https://www.indoorclimbinggym.com/gyms/boulder-union-climbing-and-fitness-new-bedford/,0,261,0%,13.1
https://www.indoorclimbinggym.com/gyms/mission-cliffs-san-francisco/,0,260,0%,9.93
https://www.indoorclimbinggym.com/utah/st.-george/1/,0,254,0%,35.73
https://www.indoorclimbinggym.com/massachusetts/boston/1/,0,251,0%,26.16
https://www.indoorclimbinggym.com/gyms/climb-nashville-east-nashville/,0,250,0%,10.63
https://www.indoorclimbinggym.com/gyms/the-spot-bouldering-gym-golden/,0,244,0%,12
https://www.indoorclimbinggym.com/rhode-island/providence/1/,0,240,0%,15.69
https://www.indoorclimbinggym.com/colorado/fort-collins/1/,0,239,0%,19.96
https://www.indoorclimbinggym.com/gyms/nh-climbing-fitness-concord/,0,233,0%,6.9
https://www.indoorclimbinggym.com/north-carolina/raleigh/1/,0,230,0%,30.2
https://www.indoorclimbinggym.com/new-hampshire/manchester/1/,0,229,0%,21.4
https://www.indoorclimbinggym.com/new-hampshire/portsmouth/1/,0,228,0%,9.25
https://www.indoorclimbinggym.com/alabama/huntsville/1/,0,222,0%,13.75
https://www.indoorclimbinggym.com/gyms/momentum-indoor-climbing-silver-street-houston/,0,216,0%,10.44
https://www.indoorclimbinggym.com/gyms/climb-bentonville-bentonville/,0,211,0%,9.24
https://www.indoorclimbinggym.com/minnesota/minneapolis/1/,0,209,0%,22.56
https://www.indoorclimbinggym.com/pennsylvania/pittsburgh/1/,0,207,0%,27.32
https://www.indoorclimbinggym.com/north-carolina/durham/1/,0,206,0%,21.86
https://www.indoorclimbinggym.com/gyms/planet-rock-ann-arbor/,0,204,0%,10.32
https://www.indoorclimbinggym.com/south-dakota/sioux-falls/1/,0,202,0%,17.02
https://www.indoorclimbinggym.com/indiana/columbus/1/,0,200,0%,7.24
https://www.indoorclimbinggym.com/gyms/wall-crawler-rock-club-atlanta/,0,200,0%,26.95
https://www.indoorclimbinggym.com/gyms/1st-ascent-climbing-fitness-libby/,0,197,0%,8.76
https://www.indoorclimbinggym.com/gyms/la-boulders-los-angeles/,0,195,0%,9.38
https://www.indoorclimbinggym.com/florida/melbourne/1/,0,192,0%,12.12
https://www.indoorclimbinggym.com/texas/austin/1/,0,190,0%,20.15
https://www.indoorclimbinggym.com/gyms/sender-one-climbing-westwood-los-angeles/,0,186,0%,9.82
https://www.indoorclimbinggym.com/florida/sarasota/1/,0,184,0%,13.75
https://www.indoorclimbinggym.com/gyms/momentum-indoor-climbing-lehi-lehi/,0,183,0%,7.02
https://www.indoorclimbinggym.com/tennessee/knoxville/1/,0,182,0%,29.3
https://www.indoorclimbinggym.com/gyms/bouldering-project-fremont-seattle/,0,181,0%,11.3
https://www.indoorclimbinggym.com/gyms/vertical-dreams-manchester-manchester/,0,179,0%,6.18
https://www.indoorclimbinggym.com/blog/aloha-rock-gym-mauis-first-indoor-climbing-gym,0,179,0%,9.96
https://www.indoorclimbinggym.com/arizona/tempe/1/,0,179,0%,19.62
https://www.indoorclimbinggym.com/gyms/first-ascent-block-37-chicago/,0,178,0%,9.77
https://www.indoorclimbinggym.com/blog/adaptive-climbing-programs-accessibility/,0,178,0%,12.11
https://www.indoorclimbinggym.com/gyms/hoosier-heights-indianapolis-carmel/,0,177,0%,10.95
https://www.indoorclimbinggym.com/gyms/alta-boulders-and-fitness-chandler/,0,176,0%,7.61
https://www.indoorclimbinggym.com/gyms/inner-peaks-noda-bouldering-charlotte/,0,176,0%,8.75
https://www.indoorclimbinggym.com/categories/climbing-gyms-with-wifi/1/,0,175,0%,8.35
https://www.indoorclimbinggym.com/gyms/the-crag-nashville-nashville/,0,173,0%,8.01
https://www.indoorclimbinggym.com/gyms/aiguille-rock-climbing-center-longwood/,0,172,0%,6.78
https://www.indoorclimbinggym.com/gyms/ninja-logic-ninja-warrior-gym-hanover/,0,171,0%,11.33
https://www.indoorclimbinggym.com/gyms/rocksport-indoor-climbing-gym-and-outdoor-guide-service-queensbury/,0,170,0%,9.85
https://www.indoorclimbinggym.com/gyms/latitude-climbing-and-fitness-norfolk/,0,170,0%,9.89
https://www.indoorclimbinggym.com/gyms/the-circuit-bouldering-gym-ne-portland/,0,167,0%,9.11
https://www.indoorclimbinggym.com/gyms/the-rock-club-new-rochelle/,0,165,0%,7.88
https://www.indoorclimbinggym.com/california/los-angeles/,0,165,0%,14.01
https://www.indoorclimbinggym.com/tennessee/chattanooga/1/,0,165,0%,28.46
https://www.indoorclimbinggym.com/gyms/urbana-boulders-urbana/,0,164,0%,8.27
https://www.indoorclimbinggym.com/gyms/hapik-yonkers-yonkers/,0,163,0%,9.34
https://www.indoorclimbinggym.com/missouri/springfield/1/,0,163,0%,26.15
https://www.indoorclimbinggym.com/gyms/elevation-rock-gym-north-logan/,0,162,0%,7.71
https://www.indoorclimbinggym.com/gyms/class-5-climbing-torrance/,0,162,0%,8.6
https://www.indoorclimbinggym.com/florida/fort-myers/1/,0,162,0%,12.24
https://www.indoorclimbinggym.com/gyms/climb-nulu-louisville/,0,161,0%,10.63
https://www.indoorclimbinggym.com/gyms/the-front-slc-salt-lake-city/,0,160,0%,8.72
https://www.indoorclimbinggym.com/gyms/roca-climbing-fitness-rochester/,0,160,0%,10.26
https://www.indoorclimbinggym.com/south-carolina/cayce/1/,0,160,0%,13.25
https://www.indoorclimbinggym.com/california/long-beach/1/,0,160,0%,14.43
https://www.indoorclimbinggym.com/gyms/movement-golden-golden/,0,159,0%,7.98
https://www.indoorclimbinggym.com/gyms/momentum-indoor-climbing-sandy-sandy/,0,158,0%,8.11
https://www.indoorclimbinggym.com/search/,0,158,0%,24.29
https://www.indoorclimbinggym.com/gyms/adventus-climbing-toledo/,0,157,0%,10.06
https://www.indoorclimbinggym.com/gyms/hoosier-heights-bloomington-bloomington/,0,156,0%,8.7
https://www.indoorclimbinggym.com/gyms/odyssey-climbing-fitness-ashwaubenon/,0,155,0%,8.47
https://www.indoorclimbinggym.com/gyms/hangar-18-indoor-climbing-gym-upland-upland/,0,155,0%,9.85
https://www.indoorclimbinggym.com/new-mexico/albuquerque/1/,0,155,0%,35.63
https://www.indoorclimbinggym.com/gyms/first-ascent-avondale-chicago/,0,154,0%,10.06
https://www.indoorclimbinggym.com/gyms/peak-experiences-richmond-richmond/,0,153,0%,11.13
https://www.indoorclimbinggym.com/gyms/benchmark-climbing-san-francisco/,0,152,0%,9.53
https://www.indoorclimbinggym.com/gyms/movement-fountain-valley-fountain-valley/,0,151,0%,8.32
https://www.indoorclimbinggym.com/gyms/ascend-erie-erie/,0,151,0%,9.14
https://www.indoorclimbinggym.com/gyms/crux-climbing-center-central-austin/,0,151,0%,10.03
https://www.indoorclimbinggym.com/gyms/first-ascent-peoria-peoria/,0,151,0%,20.62
https://www.indoorclimbinggym.com/gyms/pacific-edge-climbing-gym-santa-cruz/,0,149,0%,8.03
https://www.indoorclimbinggym.com/gyms/movement-baker-denver/,0,149,0%,8.75
https://www.indoorclimbinggym.com/gyms/long-beach-rising-long-beach/,0,148,0%,7.95
https://www.indoorclimbinggym.com/gyms/verdigo-boulders-burbank/,0,148,0%,8.84
https://www.indoorclimbinggym.com/pennsylvania/abbottstown/1/,0,148,0%,9.91
https://www.indoorclimbinggym.com/gyms/stone-age-climbing-gym-north-albuquerque/,0,148,0%,9.93
https://www.indoorclimbinggym.com/gyms/onsight-rock-gym-knoxville/,0,148,0%,10.8
https://www.indoorclimbinggym.com/gyms/new-jersey-rock-gym-fairfield/,0,147,0%,6.82
https://www.indoorclimbinggym.com/gyms/movement-grapevine-grapevine/,0,147,0%,8.01
https://www.indoorclimbinggym.com/gyms/the-knot-climbing-gym-gainesville/,0,147,0%,8.01
https://www.indoorclimbinggym.com/alabama/birmingham/1/,0,147,0%,33.19
https://www.indoorclimbinggym.com/ohio/cleveland/1/,0,146,0%,26.23
https://www.indoorclimbinggym.com/gyms/evo-rock-fitness-portland-portland/,0,145,0%,8.61
https://www.indoorclimbinggym.com/gyms/summit-city-climbing-co-fort-wayne/,0,145,0%,8.74
https://www.indoorclimbinggym.com/gyms/the-stronghold-climbing-gym-los-angeles/,0,144,0%,7.97
https://www.indoorclimbinggym.com/gyms/pacific-pipe-oakland/,0,144,0%,8.76
https://www.indoorclimbinggym.com/gyms/the-oaks-climbing-berkeley/,0,144,0%,8.88
https://www.indoorclimbinggym.com/gyms/uptown-climbing-baton-rouge/,0,143,0%,9.8
https://www.indoorclimbinggym.com/gyms/salt-pump-climbing-co-portsmouth-portsmouth/,0,142,0%,9.12
https://www.indoorclimbinggym.com/gyms/whetstone-climbing-fort-collins/,0,142,0%,9.88
https://www.indoorclimbinggym.com/gyms/greater-heights-climbing-gym-fitchburg/,0,142,0%,10.54
https://www.indoorclimbinggym.com/categories/climbing-gyms-with-kids-zone/1,0,142,0%,20.15
https://www.indoorclimbinggym.com/gyms/climb-nittany-boalsburg/,0,141,0%,7.82
https://www.indoorclimbinggym.com/gyms/planet-rock-climbing-gym-grand-rapids/,0,141,0%,8.45
https://www.indoorclimbinggym.com/texas/san-marcos/1/,0,141,0%,14.81
https://www.indoorclimbinggym.com/gyms/rogue-rock-gym-medford/,0,140,0%,7.49
https://www.indoorclimbinggym.com/california/culver-city/1/,0,139,0%,11.83
https://www.indoorclimbinggym.com/north-carolina/winston-salem/1/,0,139,0%,15.5
https://www.indoorclimbinggym.com/gyms/brevard-rock-gym-brevard/,0,138,0%,8.36
https://www.indoorclimbinggym.com/gyms/crux-climbing-center-pflugerville-pflugerville/,0,138,0%,10.94
https://www.indoorclimbinggym.com/gyms/indoor-ascent-dover/,0,137,0%,7.65
https://www.indoorclimbinggym.com/virginia/alexandria/1/,0,137,0%,18.05
https://www.indoorclimbinggym.com/north-carolina/,0,137,0%,57.26
https://www.indoorclimbinggym.com/gyms/george-fox-university-hadlock-student-center-newberg/,0,136,0%,7.57
https://www.indoorclimbinggym.com/gyms/rox-climbing-gym-at-lnpc-orlando/,0,135,0%,7.08
https://www.indoorclimbinggym.com/new-york/rochester/1/,0,135,0%,21.03
https://www.indoorclimbinggym.com/gyms/latitude-climbing-and-fitness-hampton/,0,134,0%,8.68
https://www.indoorclimbinggym.com/gyms/inner-peaks-south-end-charlotte/,0,134,0%,11.59
https://www.indoorclimbinggym.com/virginia/virginia-beach/1/,0,134,0%,13.62
https://www.indoorclimbinggym.com/indiana/indianapolis/1/,0,134,0%,28.31
https://www.indoorclimbinggym.com/vermont/brattleboro/1/,0,132,0%,10.39
https://www.indoorclimbinggym.com/gyms/climbing-new-heights-martinsburg/,0,131,0%,7.69
https://www.indoorclimbinggym.com/gyms/hangar-18-indoor-climbing-gym-long-beach-signal-hill/,0,131,0%,9.78
https://www.indoorclimbinggym.com/gyms/g1-climbing-fitness-broomfield/,0,130,0%,7.93
https://www.indoorclimbinggym.com/gyms/crux-rock-gym-eugene/,0,130,0%,7.95
https://www.indoorclimbinggym.com/gyms/triangle-rock-club-durham-durham/,0,130,0%,10.02
https://www.indoorclimbinggym.com/gyms/mustangs-bouldering-kingston/,0,129,0%,7.51
https://www.indoorclimbinggym.com/minnesota/plymouth/1/,0,129,0%,11.03
https://www.indoorclimbinggym.com/gyms/north-wall-rock-climbing-gym-crystal-lake/,0,129,0%,17.96
https://www.indoorclimbinggym.com/oregon/bend/1/,0,129,0%,18.91
https://www.indoorclimbinggym.com/gyms/turner-hall-climbing-gym-milwaukee/,0,128,0%,8.34
https://www.indoorclimbinggym.com/gyms/fort-rock-climbing-center-fort-myers/,0,128,0%,9.56
https://www.indoorclimbinggym.com/gyms/redpoint-climbing-center-bowling-green/,0,128,0%,12.2
https://www.indoorclimbinggym.com/gyms/rock-climb-fairfield-fairfield/,0,127,0%,8.77
https://www.indoorclimbinggym.com/gyms/metalmark-climbing-fresno/,0,127,0%,10.29
https://www.indoorclimbinggym.com/gyms/bouldering-project-westgate-austin/,0,127,0%,11.35
https://www.indoorclimbinggym.com/ohio/youngstown/1/,0,127,0%,14.8
https://www.indoorclimbinggym.com/gyms/movement-climbing-yoga-fitness-chicago-1/,0,125,0%,8.89
https://www.indoorclimbinggym.com/kansas/overland-park/1/,0,125,0%,18.59
https://www.indoorclimbinggym.com/texas/arlington/1/,0,125,0%,20.15
https://www.indoorclimbinggym.com/connecticut/new-haven/1/,0,124,0%,20.81
https://www.indoorclimbinggym.com/gyms/sender-one-climbing-sender-city-santa-ana-santa-ana/,0,123,0%,9.56
https://www.indoorclimbinggym.com/gyms/climb-tulsa-tulsa/,0,123,0%,11.63
https://www.indoorclimbinggym.com/california/belmont/1/,0,123,0%,17.5
https://www.indoorclimbinggym.com/gyms/ascent-new-haven-new-haven/,0,122,0%,7.62
https://www.indoorclimbinggym.com/gyms/diablo-rock-gym-concord/,0,122,0%,7.98
https://www.indoorclimbinggym.com/gyms/north-mass-boulder-indianapolis/,0,121,0%,9.45
https://www.indoorclimbinggym.com/gyms/the-overlook-boulder-fitness-atlanta/,0,120,0%,8.59
https://www.indoorclimbinggym.com/gyms/triangle-rock-club-richmond-richmond/,0,120,0%,9.65
https://www.indoorclimbinggym.com/gyms/basecamp-climbing-gym-reno/,0,120,0%,11.36
https://www.indoorclimbinggym.com/gyms/central-rock-gym-syracuse/,0,120,0%,12.71
https://www.indoorclimbinggym.com/louisiana/lafayette/1/,0,120,0%,12.9
https://www.indoorclimbinggym.com/blog/how-to-clean-climbing-shoes/,0,120,0%,20.68
https://www.indoorclimbinggym.com/pennsylvania/philadelphia/1/,0,120,0%,23.93
https://www.indoorclimbinggym.com/oklahoma/norman/1/,0,119,0%,13.94
https://www.indoorclimbinggym.com/gyms/far-north-climbing-gym-arcata/,0,118,0%,6.43
https://www.indoorclimbinggym.com/gyms/momentum-indoor-climbing-katy-katy/,0,118,0%,9.84
https://www.indoorclimbinggym.com/gyms/cirque-climbing-lacey/,0,117,0%,9.49
https://www.indoorclimbinggym.com/gyms/the-climbing-place-fayetteville/,0,117,0%,9.74
https://www.indoorclimbinggym.com/categories/best-lead-climbing-gyms/1/,0,117,0%,14.47
https://www.indoorclimbinggym.com/tennessee/memphis/1/,0,117,0%,21.5
https://www.indoorclimbinggym.com/gyms/ninjadventure-zone-waterville/,0,116,0%,9.18
https://www.indoorclimbinggym.com/gyms/central-rock-gym-glastonbury/,0,116,0%,10.81
https://www.indoorclimbinggym.com/washington/bremerton/1/,0,116,0%,12.23
https://www.indoorclimbinggym.com/gyms/climb-on-homewood/,0,115,0%,7.43
https://www.indoorclimbinggym.com/gyms/great-western-power-company-oakland/,0,115,0%,7.94
https://www.indoorclimbinggym.com/gyms/ascend-south-side-pittsburgh/,0,115,0%,11.13
https://www.indoorclimbinggym.com/gyms/cityrock-colorado-springs/,0,115,0%,11.46
https://www.indoorclimbinggym.com/gyms/vertical-excape-evansville-evansville/,0,114,0%,8.65
https://www.indoorclimbinggym.com/gyms/high-steppe-climbing-center-yakima/,0,114,0%,9.92
https://www.indoorclimbinggym.com/south-carolina/greenville/1/,0,114,0%,22.52
https://www.indoorclimbinggym.com/gyms/on-the-rocks-climbing-gym-elyria/,0,113,0%,6.5
https://www.indoorclimbinggym.com/gyms/iron-city-boulders-pittsburgh/,0,113,0%,9.34
https://www.indoorclimbinggym.com/gyms/rise-up-climbing-lynchburg/,0,113,0%,12.77
https://www.indoorclimbinggym.com/north-carolina/asheville/1/,0,113,0%,21.65
https://www.indoorclimbinggym.com/gyms/the-district-bouldering-san-antonio/,0,112,0%,7.38
https://www.indoorclimbinggym.com/north-carolina/fayetteville/1/,0,112,0%,17.25
https://www.indoorclimbinggym.com/wisconsin/appleton/1/,0,112,0%,23.38
https://www.indoorclimbinggym.com/gyms/gp81-bushwick/,0,111,0%,6.67
https://www.indoorclimbinggym.com/gyms/the-spot-bouldering-gym-denver/,0,111,0%,9.14
https://www.indoorclimbinggym.com/gyms/climb-woodlands-indoor-rock-climbing-bouldering-magnolia/,0,111,0%,9.67
https://www.indoorclimbinggym.com/gyms/mosaic-boulders-berkeley/,0,110,0%,7.43
https://www.indoorclimbinggym.com/gyms/ozark-climbing-gym-springdale/,0,110,0%,7.96
https://www.indoorclimbinggym.com/gyms/brooklyn-boulders-queensbridge-queens/,0,110,0%,9.28
https://www.indoorclimbinggym.com/virginia/hampton/1/,0,110,0%,11.56
https://www.indoorclimbinggym.com/florida/st.-augustine/1,0,110,0%,12.54
https://www.indoorclimbinggym.com/florida/gainesville/1/,0,110,0%,12.83
https://www.indoorclimbinggym.com/pennsylvania/malvern/1/,0,110,0%,16.31
https://www.indoorclimbinggym.com/gyms/vertical-rock-tysons-bouldering-tysons/,0,109,0%,7.47
https://www.indoorclimbinggym.com/gyms/the-hi-line-climbing-center-great-falls/,0,109,0%,8.73
https://www.indoorclimbinggym.com/gyms/triangle-rock-club-morrisville-morrisville/,0,109,0%,10.68
https://www.indoorclimbinggym.com/gyms/bouldering-project-upper-walls-seattle/,0,109,0%,11.1
https://www.indoorclimbinggym.com/gyms/portland-rock-gym-northeast-portland/,0,109,0%,11.29
https://www.indoorclimbinggym.com/virginia/fredericksburg/1/,0,109,0%,15.05
https://www.indoorclimbinggym.com/illinois/chicago/1,0,109,0%,21.29
https://www.indoorclimbinggym.com/gyms/chelsea-piers-field-house-new-york/,0,108,0%,7.97
https://www.indoorclimbinggym.com/gyms/vertical-view-climbing-gym-meridian/,0,108,0%,8.9
https://www.indoorclimbinggym.com/gyms/central-rock-gym-boston-1/,0,108,0%,10.63
https://www.indoorclimbinggym.com/gyms/coeur-climbing-company-post-falls/,0,108,0%,10.71
https://www.indoorclimbinggym.com/gyms/central-rock-gym-hadley/,0,108,0%,13.17
https://www.indoorclimbinggym.com/missouri/columbia/1/,0,108,0%,13.42
https://www.indoorclimbinggym.com/new-york/new-rochelle/1/,0,108,0%,14.69
https://www.indoorclimbinggym.com/gyms/dyno-rock-indoor-climbing-center-arlington/,0,107,0%,13
https://www.indoorclimbinggym.com/colorado/longmont/1,0,107,0%,16.17
https://www.indoorclimbinggym.com/north-carolina/matthews/1/,0,105,0%,13.46
https://www.indoorclimbinggym.com/new-jersey/newark/1/,0,105,0%,15.87
https://www.indoorclimbinggym.com/gyms/reach-climbing-fitness-bridgeport/,0,104,0%,9.15
https://www.indoorclimbinggym.com/florida/longwood/1/,0,104,0%,16.8
https://www.indoorclimbinggym.com/idaho/meridian/1/,0,104,0%,29.51
https://www.indoorclimbinggym.com/gyms/projectrock-oakland-park/,0,103,0%,10.33
https://www.indoorclimbinggym.com/gyms/metrorock-littleton-littleton/,0,103,0%,14.29
https://www.indoorclimbinggym.com/michigan/ann-arbor/1/,0,103,0%,22.51
https://www.indoorclimbinggym.com/gyms/rock-shop-richland/,0,102,0%,7.82
https://www.indoorclimbinggym.com/gyms/stratus-climbing-yoga-fitness-norman/,0,102,0%,8.48
https://www.indoorclimbinggym.com/new-york/long-island-city/1/,0,102,0%,19.48
https://www.indoorclimbinggym.com/gyms/escalade-rock-climbing-kennesaw-kennesaw/,0,101,0%,8.93
https://www.indoorclimbinggym.com/gyms/shaker-rocks-shaker-heights/,0,101,0%,10.37
https://www.indoorclimbinggym.com/california/fremont/1/,0,101,0%,18.41
https://www.indoorclimbinggym.com/gyms/kendall-cliffs-climbing-gym-peninsula/,0,100,0%,7.78
https://www.indoorclimbinggym.com/gyms/upward-ninja-and-bouldering-siloam-springs/,0,100,0%,8.96
https://www.indoorclimbinggym.com/gyms/ascent-studio-climbing-fitness-fort-collins/,0,100,0%,10.19
https://www.indoorclimbinggym.com/gyms/contact-climbing-gym-st-george/,0,100,0%,11.74
https://www.indoorclimbinggym.com/gyms/adrenaline-climbing-suwanee/,0,100,0%,11.97
https://www.indoorclimbinggym.com/maryland/baltimore/1/,0,100,0%,18.97
https://www.indoorclimbinggym.com/gyms/climbmax-rock-climbing-gym-tempe/,0,99,0%,15.2
https://www.indoorclimbinggym.com/massachusetts/malden/1/,0,98,0%,11.03
https://www.indoorclimbinggym.com/gyms/blochaven-greenville/,0,97,0%,8.69
https://www.indoorclimbinggym.com/gyms/warehouse-rocks-climbing-fitness-abbottstown/,0,97,0%,9.39
https://www.indoorclimbinggym.com/gyms/sacramento-pipeworks-sacramento/,0,97,0%,10.1
https://www.indoorclimbinggym.com/gyms/rock-mill-climbing-yoga-fitness-akron/,0,97,0%,10.92
https://www.indoorclimbinggym.com/connecticut/manchester/1/,0,97,0%,25.97
https://www.indoorclimbinggym.com/texas/frisco/1/,0,97,0%,34.52
https://www.indoorclimbinggym.com/gyms/ascension-rock-club-fairbanks/,0,96,0%,9.93
https://www.indoorclimbinggym.com/gyms/high-point-climbing-and-fitness-memphis-memphis/,0,96,0%,12.95
https://www.indoorclimbinggym.com/gear/,0,96,0%,21.42
https://www.indoorclimbinggym.com/oregon/salem/1/,0,96,0%,23.76
https://www.indoorclimbinggym.com/gyms/capital-climbing-cayce-cayce/,0,95,0%,7.01
https://www.indoorclimbinggym.com/gyms/armadillo-boulders-san-marcos-san-marcos/,0,95,0%,8.79
https://www.indoorclimbinggym.com/gyms/berkeley-ironworks-berkeley/,0,95,0%,9.68
https://www.indoorclimbinggym.com/new-jersey/brick-township/1/,0,95,0%,9.95
https://www.indoorclimbinggym.com/gyms/rock-spot-climbing-providence-ri-providence/,0,95,0%,11.12
https://www.indoorclimbinggym.com/arizona/mesa/1/,0,95,0%,18.98
https://www.indoorclimbinggym.com/categories/climbing-gyms-with-kids-zone/1/,0,95,0%,22.46
https://www.indoorclimbinggym.com/gyms/the-silos-climbing-yoga-and-fitness-oklahoma-city/,0,94,0%,6.94
https://www.indoorclimbinggym.com/gyms/crimper-s-climbing-gym-christiansburg/,0,94,0%,8.38
https://www.indoorclimbinggym.com/gyms/cayuga-climbs-ithaca/,0,94,0%,9.84
https://www.indoorclimbinggym.com/iowa/des-moines/1/,0,94,0%,22.83
https://www.indoorclimbinggym.com/gyms/inner-peaks-matthews-matthews/,0,93,0%,8.92
https://www.indoorclimbinggym.com/gyms/niagara-climbing-center-north-tonawanda/,0,93,0%,11.81
https://www.indoorclimbinggym.com/gyms/stone-age-climbing-gym-midtown-albuquerque/,0,93,0%,12.98
https://www.indoorclimbinggym.com/montana/missoula/1/,0,93,0%,16.23
https://www.indoorclimbinggym.com/new-york/valhalla/1/,0,93,0%,16.83
https://www.indoorclimbinggym.com/kansas/wichita/1/,0,93,0%,27.28
https://www.indoorclimbinggym.com/gyms/beta-bouldering-gym-flagstaff/,0,92,0%,8.18
https://www.indoorclimbinggym.com/illinois/homewood/1/,0,92,0%,8.89
https://www.indoorclimbinggym.com/gyms/rock-spot-climbing-wallingford-wallingford/,0,92,0%,9.98
https://www.indoorclimbinggym.com/gyms/campus-recreation-and-intramurals-gsucampusrec-statesboro/,0,92,0%,10.18
https://www.indoorclimbinggym.com/gyms/columbus-rocks-climbing-and-fitness-columbus/,0,91,0%,7.09
https://www.indoorclimbinggym.com/gyms/escalade-rock-climbing-ptc-peachtree-city/,0,91,0%,8.58
https://www.indoorclimbinggym.com/gyms/cleveland-rocks-climbing-cleveland/,0,91,0%,12.31
https://www.indoorclimbinggym.com/new-york/kingston/1/,0,91,0%,14.81
https://www.indoorclimbinggym.com/gyms/rock-dump-indoor-climbing-gym-juneau/,0,90,0%,6.62
https://www.indoorclimbinggym.com/gyms/the-gravity-vault-flemington-nj-flemington/,0,90,0%,9.16
https://www.indoorclimbinggym.com/gyms/climb-cincy-cincinnati/,0,90,0%,10.32
https://www.indoorclimbinggym.com/pennsylvania/reading/1/,0,90,0%,10.91
https://www.indoorclimbinggym.com/gyms/rokc-north-kansas-city/,0,90,0%,13.52
https://www.indoorclimbinggym.com/gyms/mesa-rim-climbing-academy-san-diego/,0,90,0%,23.42
https://www.indoorclimbinggym.com/kentucky/louisville/1/,0,90,0%,27.76
https://www.indoorclimbinggym.com/missouri/st.-louis/1/,0,90,0%,29.84
https://www.indoorclimbinggym.com/gyms/hapik-dallas-firewheel-garland/,0,89,0%,8.07
https://www.indoorclimbinggym.com/gyms/brimstone-boulders-hood-river/,0,89,0%,8.51
https://www.indoorclimbinggym.com/maine/portland/1/,0,89,0%,20.8
https://www.indoorclimbinggym.com/gyms/climb-at-blue-ridge-taylors/,0,88,0%,7.44
https://www.indoorclimbinggym.com/gyms/the-edge-rock-gym-rock-climbing-and-fitness-miami/,0,88,0%,8.19
https://www.indoorclimbinggym.com/gyms/albany-s-indoor-rockgym-albany/,0,88,0%,9.55
https://www.indoorclimbinggym.com/california/sunnyvale/1/,0,88,0%,14.83
https://www.indoorclimbinggym.com/washington/seattle/,0,88,0%,16.06
https://www.indoorclimbinggym.com/wisconsin/burlington/1/,0,88,0%,17.74
https://www.indoorclimbinggym.com/new-york/syracuse/1/,0,88,0%,17.77
https://www.indoorclimbinggym.com/illinois/crystal-lake/1/,0,88,0%,24.11
https://www.indoorclimbinggym.com/gyms/insight-climbing-movement-bremerton/,0,87,0%,7.25
https://www.indoorclimbinggym.com/new-york/westbury/1/,0,87,0%,10.53
https://www.indoorclimbinggym.com/pennsylvania/erie/1/,0,87,0%,11.11
https://www.indoorclimbinggym.com/tennessee/cleveland/1/,0,87,0%,19.39
https://www.indoorclimbinggym.com/gyms/central-rock-gym-worcester/,0,86,0%,7.99
https://www.indoorclimbinggym.com/arizona/sierra-vista/1/,0,86,0%,9.3
https://www.indoorclimbinggym.com/ohio/the-plains/1/,0,86,0%,11.42
https://www.indoorclimbinggym.com/arizona/peoria/1/,0,86,0%,22.48
https://www.indoorclimbinggym.com/texas/plano/1/,0,86,0%,22.95
https://www.indoorclimbinggym.com/gyms/rokc-kansas-city/,0,85,0%,9.53
https://www.indoorclimbinggym.com/gyms/bouldering-project-poplar-seattle/,0,85,0%,13.29
https://www.indoorclimbinggym.com/blog/how-to-clean-climbing-shoes,0,85,0%,22.65
https://www.indoorclimbinggym.com/utah/midvale/1/,0,85,0%,24.69
https://www.indoorclimbinggym.com/oklahoma/tulsa/1/,0,85,0%,30.42
https://www.indoorclimbinggym.com/gyms/the-stronghold-climbing-gym-los-angeles-1,0,84,0%,7.19
https://www.indoorclimbinggym.com/gyms/high-point-climbing-and-fitness-riverside-chattanooga/,0,84,0%,8.13
https://www.indoorclimbinggym.com/gyms/nevada-climbing-center-las-vegas/,0,84,0%,9.52
https://www.indoorclimbinggym.com/gyms/phoenix-rock-gym-tempe/,0,84,0%,11.14
https://www.indoorclimbinggym.com/gyms/central-rock-gym-watertown-1/,0,84,0%,12.08
https://www.indoorclimbinggym.com/texas/lubbock/1/,0,84,0%,12.77
https://www.indoorclimbinggym.com/texas/grapevine/1/,0,84,0%,15.92
https://www.indoorclimbinggym.com/california/concord/1/,0,84,0%,24.01
https://www.indoorclimbinggym.com/gyms/dyno-detroit-climbing-detroit/,0,83,0%,10.92
https://www.indoorclimbinggym.com/blog/how-to-improve-climbing-technique/,0,83,0%,13.55
https://www.indoorclimbinggym.com/georgia/peachtree-city/1/,0,83,0%,17.04
https://www.indoorclimbinggym.com/illinois/arlington-heights/1/,0,83,0%,29.3
https://www.indoorclimbinggym.com/gyms/metrorock-bushwick-brooklyn/,0,82,0%,7.07
https://www.indoorclimbinggym.com/gyms/black-hills-basecamp-rapid-city/,0,82,0%,8.57
https://www.indoorclimbinggym.com/gyms/southern-stone-indoor-climbing-lafayette/,0,82,0%,8.63
https://www.indoorclimbinggym.com/gyms/lindseth-climbing-center-ithaca/,0,82,0%,11.24
https://www.indoorclimbinggym.com/illinois/bloomington/1/,0,82,0%,15.21
https://www.indoorclimbinggym.com/gyms/aesthetic-climbing-gym-lake-forest/,0,81,0%,7.26
https://www.indoorclimbinggym.com/gyms/endurance-climbing-gym-burlington/,0,81,0%,8.01
https://www.indoorclimbinggym.com/gyms/rock-spot-climbing-malden-ma-malden/,0,81,0%,8.79
https://www.indoorclimbinggym.com/gyms/the-gravity-vault-radnor-radnor,0,81,0%,9.48
https://www.indoorclimbinggym.com/gyms/como-rocks-llc-columbia/,0,81,0%,10.68
https://www.indoorclimbinggym.com/texas/denton/1/,0,81,0%,15.05
https://www.indoorclimbinggym.com/maine/scarborough/1/,0,81,0%,16.53
https://www.indoorclimbinggym.com/district-of-columbia/washington/1/,0,81,0%,32.2
https://www.indoorclimbinggym.com/gyms/the-front-south-main-millcreek/,0,80,0%,7.66
https://www.indoorclimbinggym.com/gyms/the-gravity-vault-brick-nj-brick-township/,0,80,0%,9.12
https://www.indoorclimbinggym.com/gyms/fa-climbing-station-square-pittsburgh/,0,80,0%,9.34
https://www.indoorclimbinggym.com/gyms/upper-limits-climbing-gym-bloomington/,0,80,0%,9.47
https://www.indoorclimbinggym.com/gyms/inspire-rock-lubbock-lubbock/,0,80,0%,9.64
https://www.indoorclimbinggym.com/gyms/active-climbing-indoor-rock-climbing-grovetown/,0,80,0%,10.99
https://www.indoorclimbinggym.com/idaho/boise/1/,0,80,0%,22.43
https://www.indoorclimbinggym.com/ohio/akron/1/,0,80,0%,31.77
https://www.indoorclimbinggym.com/gyms/vital-climbing-gym-murrieta-murrieta/,0,79,0%,8.49
https://www.indoorclimbinggym.com/gyms/the-campus-climbing-and-training-boulder/,0,78,0%,7.73
https://www.indoorclimbinggym.com/gyms/vital-climbing-gym-carlsbad-carlsbad/,0,78,0%,9.37
https://www.indoorclimbinggym.com/gyms/the-circuit-bouldering-gym-bend/,0,78,0%,10.03
https://www.indoorclimbinggym.com/washington/lynnwood/1/,0,78,0%,10.27
https://www.indoorclimbinggym.com/gyms/central-rock-gym-buffalo/,0,78,0%,10.32
https://www.indoorclimbinggym.com/gyms/hangar-18-indoor-climbing-gym-rancho-cucamonga-rancho-cucamonga/,0,78,0%,10.95
https://www.indoorclimbinggym.com/gyms/alta-climbing-and-fitness-gilbert/,0,78,0%,11.33
https://www.indoorclimbinggym.com/gyms/longmont-climbing-collective-longmont/,0,78,0%,14.55
https://www.indoorclimbinggym.com/maryland/timonium/1/,0,78,0%,18.13
https://www.indoorclimbinggym.com/wisconsin/brookfield/1/,0,78,0%,24.83
https://www.indoorclimbinggym.com/gyms/space-city-rock-climbing-league-city/,0,77,0%,8.83
https://www.indoorclimbinggym.com/gyms/central-rock-gym-cambridge/,0,77,0%,9.12
https://www.indoorclimbinggym.com/gyms/rockville-climbing-center-inc-hamilton-township/,0,77,0%,9.21
https://www.indoorclimbinggym.com/gyms/upper-limits-indoor-rock-climbing-gym-chesterfield-chesterfield/,0,77,0%,9.62
https://www.indoorclimbinggym.com/gyms/shasta-rock-club-redding/,0,76,0%,8.53
https://www.indoorclimbinggym.com/gyms/downingtown-rock-gym-downingtown/,0,76,0%,10.14
https://www.indoorclimbinggym.com/new-hampshire/dover/1/,0,76,0%,10.57
https://www.indoorclimbinggym.com/louisiana/bossier-city/1/,0,76,0%,10.82
https://www.indoorclimbinggym.com/gyms/climb-cleveland-cleveland/,0,76,0%,11.38
https://www.indoorclimbinggym.com/pennsylvania/wind-gap/1/,0,76,0%,11.5
https://www.indoorclimbinggym.com/hawaii/kailua-kona/1/,0,76,0%,11.96
https://www.indoorclimbinggym.com/north-carolina/wilmington/1/,0,76,0%,16.51
https://www.indoorclimbinggym.com/gyms/climb-lafayette-lafayette/,0,75,0%,8.96
https://www.indoorclimbinggym.com/gyms/movement-portland-portland/,0,75,0%,9.07
https://www.indoorclimbinggym.com/gyms/blue-granite-climbing-gym-south-lake-tahoe/,0,75,0%,9.51
https://www.indoorclimbinggym.com/pennsylvania/warren/1/,0,75,0%,10.96
https://www.indoorclimbinggym.com/gyms/alchemy-climbing-tallahassee/,0,75,0%,11.63
https://www.indoorclimbinggym.com/illinois/peoria/1/,0,75,0%,15.57
https://www.indoorclimbinggym.com/florida/south-daytona/1/,0,75,0%,16.53
https://www.indoorclimbinggym.com/washington/vancouver/1/,0,75,0%,36.92
https://www.indoorclimbinggym.com/gyms/blockhouse-bouldering-gym-the-plains/,0,74,0%,6.15
https://www.indoorclimbinggym.com/gyms/the-crag-franklin-franklin/,0,74,0%,6.91
https://www.indoorclimbinggym.com/gyms/loveland-climbing-collective-loveland/,0,74,0%,8.34
https://www.indoorclimbinggym.com/gyms/bigfoot-climbing-gym-morganton/,0,74,0%,9.34
https://www.indoorclimbinggym.com/gyms/shift-climbing-holland,0,74,0%,9.64
https://www.indoorclimbinggym.com/gyms/progression-climbing-chapel-hill/,0,74,0%,9.66
https://www.indoorclimbinggym.com/gyms/vertical-adventures-columbus/,0,74,0%,12.04
https://www.indoorclimbinggym.com/gyms/elev8-climbing-and-fitness-traverse-city/,0,74,0%,13.78
https://www.indoorclimbinggym.com/gyms/pine-brook-fitness-new-rochelle/,0,74,0%,14.08
https://www.indoorclimbinggym.com/arkansas/bentonville/1/,0,74,0%,20.43
https://www.indoorclimbinggym.com/california/redlands/1/,0,73,0%,9.29
https://www.indoorclimbinggym.com/gyms/bergrippen-indoor-climbing-crag-denver-denver/,0,73,0%,9.45
https://www.indoorclimbinggym.com/gyms/the-front-ogden-ogden/,0,73,0%,9.77
https://www.indoorclimbinggym.com/gyms/rocky-top-climbing-charlottesville/,0,73,0%,11.63
https://www.indoorclimbinggym.com/california/burbank/1/,0,73,0%,12.36
https://www.indoorclimbinggym.com/new-york/ithaca/1/,0,73,0%,12.96
https://www.indoorclimbinggym.com/california/upland/1/,0,73,0%,14.36
https://www.indoorclimbinggym.com/gyms/the-rock-boxx-climbing-gym-salem/,0,72,0%,8.4
https://www.indoorclimbinggym.com/categories/best--climbing-gyms/1/,0,72,0%,9.71
https://www.indoorclimbinggym.com/florida/pensacola/1/,0,72,0%,9.86
https://www.indoorclimbinggym.com/new-jersey/hoboken/1/,0,72,0%,14.29
https://www.indoorclimbinggym.com/massachusetts/worcester/1/,0,72,0%,16.26
https://www.indoorclimbinggym.com/massachusetts/cambridge/1/,0,72,0%,21.93
https://www.indoorclimbinggym.com/gyms/bloc-garten-columbus/,0,71,0%,9.7
https://www.indoorclimbinggym.com/montana/billings/1/,0,71,0%,9.72
https://www.indoorclimbinggym.com/gyms/the-gravity-vault-voorhees-voorhees-township/,0,71,0%,10.04
https://www.indoorclimbinggym.com/california/torrance/1/,0,71,0%,11.48
https://www.indoorclimbinggym.com/michigan/holland/1/,0,71,0%,23.48
https://www.indoorclimbinggym.com/gyms/summit-strength-fitness-madison/,0,70,0%,6.91
https://www.indoorclimbinggym.com/north-carolina/morrisville/1/,0,70,0%,26.54
https://www.indoorclimbinggym.com/gyms/session-climbing-santa-rosa/,0,69,0%,7.57
https://www.indoorclimbinggym.com/gyms/grand-valley-climbing-gym-grand-junction/,0,69,0%,7.88
https://www.indoorclimbinggym.com/gyms/island-rock-plainview/,0,69,0%,8.2
https://www.indoorclimbinggym.com/gyms/rock-spot-climbing-south-boston-boston/,0,69,0%,8.8
https://www.indoorclimbinggym.com/gyms/grotto-climbing-yoga-san-diego/,0,69,0%,9.74
https://www.indoorclimbinggym.com/gyms/vertical-endeavors-bloomington-bloomington/,0,69,0%,10.04
https://www.indoorclimbinggym.com/virginia/tysons/1/,0,69,0%,10.87
https://www.indoorclimbinggym.com/gyms/granite-arch-climbing-center-rancho-cordova/,0,69,0%,10.9
https://www.indoorclimbinggym.com/arizona/flagstaff/1/,0,69,0%,19.26
https://www.indoorclimbinggym.com/gyms/spray-rock-climbing-performance-center-at-afc-reading/,0,68,0%,5.93
https://www.indoorclimbinggym.com/gyms/kona-cliffs-kailua-kona/,0,68,0%,7.75
https://www.indoorclimbinggym.com/gyms/the-circuit-bouldering-gym-eugene-eugene/,0,68,0%,7.76
https://www.indoorclimbinggym.com/utah/heber-city/1/,0,68,0%,8.1
https://www.indoorclimbinggym.com/gyms/high-point-climbing-and-fitness-mid-city-huntsville/,0,68,0%,9.19
https://www.indoorclimbinggym.com/california/bishop/1/,0,68,0%,11.91
https://www.indoorclimbinggym.com/gyms/stonetree-climbing-center-helena/,0,67,0%,7.58
https://www.indoorclimbinggym.com/gyms/movement-denton-denton/,0,67,0%,8.34
https://www.indoorclimbinggym.com/gyms/rocks-ropes-of-tucson-inc-tucson/,0,67,0%,8.63
https://www.indoorclimbinggym.com/gyms/stone-climbing-sta-st-augustine/,0,67,0%,9.37
https://www.indoorclimbinggym.com/california/chico/1/,0,67,0%,9.88
https://www.indoorclimbinggym.com/gyms/central-rock-gym-cambridge-1/,0,67,0%,10.99
https://www.indoorclimbinggym.com/oregon/newberg/1/,0,67,0%,26.72
https://www.indoorclimbinggym.com/gyms/mizzourec-columbia/,0,66,0%,7.45
https://www.indoorclimbinggym.com/gyms/the-gravity-vault-montclair-nj-montclair/,0,66,0%,8.35
https://www.indoorclimbinggym.com/washington/wenatchee/1/,0,66,0%,12.77
https://www.indoorclimbinggym.com/california/oceanside/1/,0,66,0%,17.36
https://www.indoorclimbinggym.com/new-jersey/middletown-township/1/,0,66,0%,18
https://www.indoorclimbinggym.com/gyms/risen-rock-climbing-gym-bossier-city/,0,65,0%,7.74
https://www.indoorclimbinggym.com/gyms/central-rock-gym-warwick/,0,65,0%,10.12
https://www.indoorclimbinggym.com/gyms/bouldering-project-springdale-austin/,0,65,0%,10.69
https://www.indoorclimbinggym.com/gyms/triangle-rock-club-fayetteville-fayetteville/,0,65,0%,12.32
https://www.indoorclimbinggym.com/indiana/fort-wayne/1/,0,65,0%,17.05
https://www.indoorclimbinggym.com/utah/provo/1/,0,65,0%,17.69
https://www.indoorclimbinggym.com/virginia/lynchburg/1/,0,65,0%,19.4
https://www.indoorclimbinggym.com/utah/sandy/1/,0,65,0%,21.63
https://www.indoorclimbinggym.com/utah/lehi/1/,0,65,0%,21.97
https://www.indoorclimbinggym.com/michigan/detroit/1/,0,65,0%,25.08
https://www.indoorclimbinggym.com/gyms/crux-climbing-llc-northport/,0,64,0%,8.92
https://www.indoorclimbinggym.com/gyms/oaktown-boulders-oakland/,0,64,0%,9.42
https://www.indoorclimbinggym.com/maine/trenton/1/,0,64,0%,15.12
https://www.indoorclimbinggym.com/california/murrieta/1/,0,64,0%,15.39
https://www.indoorclimbinggym.com/new-hampshire/concord/1/,0,64,0%,19.42
https://www.indoorclimbinggym.com/virginia/arlington/1/,0,64,0%,19.42
https://www.indoorclimbinggym.com/gyms/warehouse-climbing-co-goshen/,0,63,0%,6.75
https://www.indoorclimbinggym.com/gyms/minnesota-climbing-cooperative-minneapolis/,0,63,0%,8.17
https://www.indoorclimbinggym.com/missouri/jefferson-city/1/,0,63,0%,9.32
https://www.indoorclimbinggym.com/pennsylvania/hanover/1/,0,63,0%,9.59
https://www.indoorclimbinggym.com/gyms/memphis-rox-climbing-community-memphis/,0,62,0%,7.5
https://www.indoorclimbinggym.com/gyms/gadrock-gadsden/,0,62,0%,9.6
https://www.indoorclimbinggym.com/blog/aloha-rock-gym-mauis-first-indoor-climbing-gym/,0,62,0%,10.95
https://www.indoorclimbinggym.com/gyms/salt-pump-climbing-company-scarborough/,0,62,0%,12.05
https://www.indoorclimbinggym.com/tennessee/franklin/1/,0,62,0%,14.18
https://www.indoorclimbinggym.com/california/ventura/1/,0,62,0%,15.55
https://www.indoorclimbinggym.com/massachusetts/new-bedford/1/,0,62,0%,16.58
https://www.indoorclimbinggym.com/gyms/rock-spot-climbing-brookline-brookline/,0,61,0%,7.56
https://www.indoorclimbinggym.com/gyms/north-peak-climbing-fitness-reno/,0,61,0%,8.89
https://www.indoorclimbinggym.com/gyms/volta-climbing-and-fitness-trenton/,0,61,0%,9.8
https://www.indoorclimbinggym.com/gyms/sunrise-bouldering-geneseo/,0,60,0%,8.68
https://www.indoorclimbinggym.com/new-jersey/montclair/1/,0,59,0%,10.05
https://www.indoorclimbinggym.com/gyms/gravity-vault-poughkeepsie-poughkeepsie/,0,59,0%,10.36
https://www.indoorclimbinggym.com/pennsylvania/,0,59,0%,25.03
https://www.indoorclimbinggym.com/massachusetts/littleton/1/,0,59,0%,28.05
https://www.indoorclimbinggym.com/gyms/vertical-dreams-nashua/,0,58,0%,7.43
https://www.indoorclimbinggym.com/gyms/boulderdash-san-fernando-valley-chatsworth/,0,58,0%,7.86
https://www.indoorclimbinggym.com/gyms/rifle-climbing-center-rifle/,0,58,0%,8.03
https://www.indoorclimbinggym.com/vermont/essex-junction/1/,0,58,0%,9.4
https://www.indoorclimbinggym.com/gyms/delaware-rock-gym-inc-bear/,0,58,0%,11.38
https://www.indoorclimbinggym.com/nebraska/lincoln/1/,0,58,0%,31.81
https://www.indoorclimbinggym.com/gyms/cmc-field-house-recreation-center-glenwood-springs/,0,57,0%,6.63
https://www.indoorclimbinggym.com/gyms/central-rock-gym-stoneham/,0,57,0%,8.95
https://www.indoorclimbinggym.com/massachusetts/hingham/1/,0,57,0%,10.98
https://www.indoorclimbinggym.com/california/santa-clarita/1/,0,57,0%,12.68
https://www.indoorclimbinggym.com/washington/redmond/1/,0,57,0%,14.3
https://www.indoorclimbinggym.com/categories/climbing-gyms-with-sauna/12/,0,57,0%,17.05
https://www.indoorclimbinggym.com/montana/whitefish/1/,0,57,0%,20.28
https://www.indoorclimbinggym.com/vermont/burlington/1/,0,57,0%,21.84
https://www.indoorclimbinggym.com/gyms/the-jungle-gymnastics-adventure-center-delaware/,0,56,0%,7.25
https://www.indoorclimbinggym.com/gyms/rock-haven-climbing-gym-gresham/,0,56,0%,7.59
https://www.indoorclimbinggym.com/gyms/rock-spot-climbing-boston-dedham-boston/,0,56,0%,9.04
https://www.indoorclimbinggym.com/gyms/mosaic-climbing-loveland/,0,56,0%,9.3
https://www.indoorclimbinggym.com/gyms/elite-climbing-llc-maple-shade/,0,56,0%,12.34
https://www.indoorclimbinggym.com/new-york/poughkeepsie/1/,0,56,0%,14.96
https://www.indoorclimbinggym.com/new-york/queens/1/,0,56,0%,17.5
https://www.indoorclimbinggym.com/oregon/medford/1/,0,56,0%,18.71
https://www.indoorclimbinggym.com/gyms/challenge-rocks-hingham/,0,55,0%,6.38
https://www.indoorclimbinggym.com/gyms/boulderdash-indoor-rock-climbing-ventura-ventura/,0,55,0%,8.69
https://www.indoorclimbinggym.com/south-carolina/anderson/1/,0,55,0%,9.15
https://www.indoorclimbinggym.com/texas/league-city/1/,0,55,0%,10.29
https://www.indoorclimbinggym.com/california/victorville/1/,0,55,0%,12.24
https://www.indoorclimbinggym.com/new-jersey/hamilton-township/1/,0,55,0%,15.53
https://www.indoorclimbinggym.com/illinois/urbana/1/,0,55,0%,18.35
https://www.indoorclimbinggym.com/blog/what-is-bouldering,0,55,0%,19.6
https://www.indoorclimbinggym.com/categories/climbing-gyms-with-showers/5/,0,54,0%,7.61
https://www.indoorclimbinggym.com/gyms/center-45-climbing-and-fitness-boone/,0,54,0%,8.39
https://www.indoorclimbinggym.com/gyms/stone-age-rock-gym-manchester/,0,54,0%,8.91
https://www.indoorclimbinggym.com/gyms/mesa-rim-climbing-center-mission-valley-san-diego/,0,54,0%,9.43
https://www.indoorclimbinggym.com/categories/climbing-gyms-with-sauna/10/,0,54,0%,11.91
https://www.indoorclimbinggym.com/montana/great-falls/1/,0,54,0%,14.63
https://www.indoorclimbinggym.com/florida/destin/1/,0,54,0%,21.61
https://www.indoorclimbinggym.com/wisconsin/,0,54,0%,49.81
https://www.indoorclimbinggym.com/gyms/campbell-county-recreation-center-gillette/,0,53,0%,4.23
https://www.indoorclimbinggym.com/gyms/rock-spot-climbing-peace-dale-ri-peace-dale/,0,53,0%,9.08
https://www.indoorclimbinggym.com/michigan/traverse-city/1/,0,53,0%,11.25
https://www.indoorclimbinggym.com/colorado/grand-junction/1/,0,53,0%,22.02
https://www.indoorclimbinggym.com/gyms/denver-bouldering-club-south-sheridan/,0,52,0%,8.73
https://www.indoorclimbinggym.com/categories/best-bouldering-climbing-gyms/13/,0,52,0%,10.98
https://www.indoorclimbinggym.com/california/redding/1/,0,52,0%,12.67
https://www.indoorclimbinggym.com/gyms/high-point-climbing-and-fitness-birmingham-birmingham/,0,52,0%,14.25
https://www.indoorclimbinggym.com/florida/jacksonville/1,0,52,0%,21.96
https://www.indoorclimbinggym.com/gyms/life-time-vernon-hills/,0,51,0%,6.53
https://www.indoorclimbinggym.com/gyms/red-barn-climbing-gym-rochester/,0,51,0%,8.2
https://www.indoorclimbinggym.com/gyms/vertical-endeavors-duluth-duluth/,0,51,0%,8.88
https://www.indoorclimbinggym.com/gyms/vertical-hold-poway/,0,51,0%,9.08
https://www.indoorclimbinggym.com/gyms/terra-firma-bouldering-co-grand-rapids/,0,51,0%,9.1
https://www.indoorclimbinggym.com/gyms/central-rock-gym-new-york-1/,0,51,0%,9.31
https://www.indoorclimbinggym.com/gyms/insight-climbing-movement-bainbridge-island/,0,51,0%,9.45
https://www.indoorclimbinggym.com/gyms/sportrock-climbing-centers-alexandria/,0,51,0%,10.31
https://www.indoorclimbinggym.com/gyms/wilmington-rock-gym-wilmington/,0,51,0%,10.63
https://www.indoorclimbinggym.com/indiana/goshen/1/,0,51,0%,13.37
https://www.indoorclimbinggym.com/colorado/eagle/1/,0,51,0%,13.39
https://www.indoorclimbinggym.com/new-jersey/hackensack/1/,0,51,0%,16.37
https://www.indoorclimbinggym.com/virginia/manassas/1/,0,51,0%,19.61
https://www.indoorclimbinggym.com/gyms/beast-fingers-lakewood/,0,50,0%,5.7
https://www.indoorclimbinggym.com/gyms/firley-ymca-climbing-wall-jefferson-city/,0,50,0%,6.9
https://www.indoorclimbinggym.com/gyms/spire-climbing-fitness-training-center-bozeman/,0,50,0%,8.32
https://www.indoorclimbinggym.com/gyms/the-climbing-center-knoxville/,0,50,0%,8.4
https://www.indoorclimbinggym.com/gyms/ultimate-ninjas-academy-deerfield-deerfield/,0,50,0%,9.3
https://www.indoorclimbinggym.com/gyms/santa-fe-climbing-center-santa-fe/,0,50,0%,11.76
https://www.indoorclimbinggym.com/gyms/blocworks-edmond-edmond/,0,50,0%,15.78
https://www.indoorclimbinggym.com/connecticut/west-hartford/1/,0,50,0%,17.16
https://www.indoorclimbinggym.com/gyms/approach-climbing-gym-omaha/,0,50,0%,20.82
https://www.indoorclimbinggym.com/gyms/hangar-18-indoor-climbing-gym-mission-viejo-mission-viejo/,0,49,0%,8.98
https://www.indoorclimbinggym.com/gyms/climb-toledo-toledo/,0,49,0%,9.39
https://www.indoorclimbinggym.com/washington/yakima/1/,0,49,0%,18.57
https://www.indoorclimbinggym.com/illinois/glendale-heights/1/,0,49,0%,19.76
https://www.indoorclimbinggym.com/massachusetts/watertown/1/,0,49,0%,25.16
https://www.indoorclimbinggym.com/pennsylvania/downingtown/1/,0,49,0%,25.71
https://www.indoorclimbinggym.com/new-mexico/santa-fe/1/,0,49,0%,28
https://www.indoorclimbinggym.com/gyms/central-rock-gym-tampa/,0,48,0%,9.79
https://www.indoorclimbinggym.com/connecticut/danbury/1/,0,48,0%,10.21
https://www.indoorclimbinggym.com/utah/north-logan/1/,0,48,0%,14.96
https://www.indoorclimbinggym.com/delaware/rehoboth-beach/1/,0,48,0%,16.79
https://www.indoorclimbinggym.com/arizona/goodyear/1/,0,48,0%,17.85
https://www.indoorclimbinggym.com/colorado/golden/1/,0,48,0%,27
https://www.indoorclimbinggym.com/gyms/trailhead-climbing-outdoor-center-llc-anderson/,0,47,0%,8.45
https://www.indoorclimbinggym.com/gyms/flagstaff-climbing-main-street-boulders-flagstaff/,0,47,0%,8.91
https://www.indoorclimbinggym.com/gyms/petra-cliffs-climbing-center-mountaineering-school-burlington/,0,47,0%,9.09
https://www.indoorclimbinggym.com/gyms/the-gravity-vault-hoboken-nj-hoboken/,0,47,0%,9.94
https://www.indoorclimbinggym.com/gyms/the-gravity-vault-chatham-nj-chatham/,0,47,0%,11.68
https://www.indoorclimbinggym.com/blog/beginners-guide-to-climbing-gyms,0,47,0%,12.21
https://www.indoorclimbinggym.com/arizona/chandler/,0,47,0%,13.96
https://www.indoorclimbinggym.com/oregon/hood-river/1/,0,47,0%,14.28
https://www.indoorclimbinggym.com/minnesota/rochester/1/,0,47,0%,15.19
https://www.indoorclimbinggym.com/oregon/redmond/1/,0,47,0%,16.23
https://www.indoorclimbinggym.com/gyms/stout-adventures-menomonie/,0,47,0%,16.68
https://www.indoorclimbinggym.com/california/fountain-valley/1/,0,47,0%,18.66
https://www.indoorclimbinggym.com/florida/oakland-park/1/,0,47,0%,19.98
https://www.indoorclimbinggym.com/california/santa-rosa/1/,0,47,0%,20.13
https://www.indoorclimbinggym.com/gyms/canyons-rock-climbing-frisco/,0,46,0%,7.59
https://www.indoorclimbinggym.com/gyms/cliff-hangers-mooresville/,0,46,0%,8.39
https://www.indoorclimbinggym.com/categories/best-bouldering-climbing-gyms/9,0,46,0%,8.8
https://www.indoorclimbinggym.com/gyms/mesa-rim-climbing-center-mira-mesa-san-diego/,0,46,0%,9.83
https://www.indoorclimbinggym.com/gyms/randolph-climbing-center-randolph/,0,46,0%,9.93
https://www.indoorclimbinggym.com/gyms/central-rock-gym-troy/,0,46,0%,10.78
https://www.indoorclimbinggym.com/minnesota/bloomington/1/,0,46,0%,21.2
https://www.indoorclimbinggym.com/california/goleta/1,0,46,0%,25.22
https://www.indoorclimbinggym.com/texas/katy/1/,0,46,0%,42.5
https://www.indoorclimbinggym.com/gyms/the-jug-rock-gym-redmond/,0,45,0%,6.27
https://www.indoorclimbinggym.com/categories/best--climbing-gyms/1,0,45,0%,8.31
https://www.indoorclimbinggym.com/gyms/steepworld-climbing-fitness-billings/,0,45,0%,8.38
https://www.indoorclimbinggym.com/gyms/high-point-climbing-and-fitness-cleveland-cleveland/,0,45,0%,8.71
https://www.indoorclimbinggym.com/gyms/metrorock-newburyport-newburyport/,0,45,0%,8.91
https://www.indoorclimbinggym.com/gyms/central-rock-gym-tampa-1/,0,45,0%,9.73
https://www.indoorclimbinggym.com/massachusetts/stoneham/1/,0,45,0%,15
https://www.indoorclimbinggym.com/massachusetts/hadley/1/,0,45,0%,15.8
https://www.indoorclimbinggym.com/colorado/steamboat-springs/1/,0,45,0%,18.4
https://www.indoorclimbinggym.com/new-jersey/east-hanover/1/,0,45,0%,20.87
https://www.indoorclimbinggym.com/california/napa/1/,0,45,0%,25.04
https://www.indoorclimbinggym.com/gyms/gripz-gym-southfield/,0,44,0%,6.48
https://www.indoorclimbinggym.com/gyms/movement-boulder-boulder/,0,44,0%,9.45
https://www.indoorclimbinggym.com/gyms/central-rock-gym-new-york/,0,44,0%,13.7
https://www.indoorclimbinggym.com/louisiana/baton-rouge/1/,0,44,0%,17.91
https://www.indoorclimbinggym.com/colorado/centennial/1/,0,44,0%,18.3
https://www.indoorclimbinggym.com/washington/bainbridge-island/1/,0,44,0%,19.91
https://www.indoorclimbinggym.com/alaska/anchorage/1/,0,44,0%,26.23
https://www.indoorclimbinggym.com/gyms/vertical-endeavors-glendale-heights/,0,43,0%,9
https://www.indoorclimbinggym.com/gyms/beast-ninja-obstacle-course-myrtle-beach/,0,43,0%,9.56
https://www.indoorclimbinggym.com/categories/best-bouldering-climbing-gyms/8/,0,43,0%,9.88
https://www.indoorclimbinggym.com/gyms/grotto-climbing-yoga-miramar-g2-san-diego/,0,43,0%,10.21